--
-- PostgreSQL database dump
--

\restrict HCkBGCjN4DkxvpJj0jfbHSjFDf6cObH2E0kob6a8SiuEePYwa6l9htrGWulau1l

-- Dumped from database version 18.2
-- Dumped by pg_dump version 18.2

SET statement_timeout = 0;
SET lock_timeout = 0;
SET idle_in_transaction_session_timeout = 0;
SET transaction_timeout = 0;
SET client_encoding = 'UTF8';
SET standard_conforming_strings = on;
SELECT pg_catalog.set_config('search_path', '', false);
SET check_function_bodies = false;
SET xmloption = content;
SET client_min_messages = warning;
SET row_security = off;

SET default_tablespace = '';

SET default_table_access_method = heap;

--
-- Name: accounts_user; Type: TABLE; Schema: public; Owner: mkj_user
--

CREATE TABLE public.accounts_user (
    id bigint NOT NULL,
    password character varying(128) NOT NULL,
    is_superuser boolean NOT NULL,
    email character varying(254) NOT NULL,
    first_name character varying(100) NOT NULL,
    last_name character varying(100) NOT NULL,
    phone character varying(13) NOT NULL,
    role character varying(30) NOT NULL,
    county character varying(100) NOT NULL,
    profile_photo character varying(100),
    is_active boolean NOT NULL,
    is_staff boolean NOT NULL,
    date_joined timestamp with time zone NOT NULL,
    last_login timestamp with time zone,
    is_suspended boolean NOT NULL,
    must_change_password boolean NOT NULL,
    assigned_discipline character varying(30) NOT NULL,
    sub_county character varying(100) NOT NULL
);


ALTER TABLE public.accounts_user OWNER TO mkj_user;

--
-- Name: accounts_user_groups; Type: TABLE; Schema: public; Owner: mkj_user
--

CREATE TABLE public.accounts_user_groups (
    id bigint NOT NULL,
    user_id bigint NOT NULL,
    group_id integer NOT NULL
);


ALTER TABLE public.accounts_user_groups OWNER TO mkj_user;

--
-- Name: accounts_user_groups_id_seq; Type: SEQUENCE; Schema: public; Owner: mkj_user
--

ALTER TABLE public.accounts_user_groups ALTER COLUMN id ADD GENERATED BY DEFAULT AS IDENTITY (
    SEQUENCE NAME public.accounts_user_groups_id_seq
    START WITH 1
    INCREMENT BY 1
    NO MINVALUE
    NO MAXVALUE
    CACHE 1
);


--
-- Name: accounts_user_id_seq; Type: SEQUENCE; Schema: public; Owner: mkj_user
--

ALTER TABLE public.accounts_user ALTER COLUMN id ADD GENERATED BY DEFAULT AS IDENTITY (
    SEQUENCE NAME public.accounts_user_id_seq
    START WITH 1
    INCREMENT BY 1
    NO MINVALUE
    NO MAXVALUE
    CACHE 1
);


--
-- Name: accounts_user_user_permissions; Type: TABLE; Schema: public; Owner: mkj_user
--

CREATE TABLE public.accounts_user_user_permissions (
    id bigint NOT NULL,
    user_id bigint NOT NULL,
    permission_id integer NOT NULL
);


ALTER TABLE public.accounts_user_user_permissions OWNER TO mkj_user;

--
-- Name: accounts_user_user_permissions_id_seq; Type: SEQUENCE; Schema: public; Owner: mkj_user
--

ALTER TABLE public.accounts_user_user_permissions ALTER COLUMN id ADD GENERATED BY DEFAULT AS IDENTITY (
    SEQUENCE NAME public.accounts_user_user_permissions_id_seq
    START WITH 1
    INCREMENT BY 1
    NO MINVALUE
    NO MAXVALUE
    CACHE 1
);


--
-- Name: admin_dashboard_activitylog; Type: TABLE; Schema: public; Owner: mkj_user
--

CREATE TABLE public.admin_dashboard_activitylog (
    id bigint NOT NULL,
    action character varying(50) NOT NULL,
    description text NOT NULL,
    "timestamp" timestamp with time zone NOT NULL,
    object_id integer,
    object_repr character varying(200) NOT NULL,
    ip_address inet,
    user_agent character varying(500) NOT NULL,
    extra_data jsonb NOT NULL,
    content_type_id integer,
    user_id bigint,
    can_undo boolean NOT NULL,
    is_undone boolean NOT NULL,
    new_state jsonb,
    previous_state jsonb,
    undo_reason text NOT NULL,
    undone_at timestamp with time zone,
    undone_by_id bigint,
    changes_json text NOT NULL,
    CONSTRAINT admin_dashboard_activitylog_object_id_check CHECK ((object_id >= 0))
);


ALTER TABLE public.admin_dashboard_activitylog OWNER TO mkj_user;

--
-- Name: admin_dashboard_activitylog_id_seq; Type: SEQUENCE; Schema: public; Owner: mkj_user
--

ALTER TABLE public.admin_dashboard_activitylog ALTER COLUMN id ADD GENERATED BY DEFAULT AS IDENTITY (
    SEQUENCE NAME public.admin_dashboard_activitylog_id_seq
    START WITH 1
    INCREMENT BY 1
    NO MINVALUE
    NO MAXVALUE
    CACHE 1
);


--
-- Name: appeals_appeal; Type: TABLE; Schema: public; Owner: mkj_user
--

CREATE TABLE public.appeals_appeal (
    id bigint NOT NULL,
    subject character varying(300) NOT NULL,
    details text NOT NULL,
    status character varying(30) NOT NULL,
    fee_amount numeric(10,2) NOT NULL,
    fee_status character varying(20) NOT NULL,
    fee_reference character varying(100) NOT NULL,
    fee_verified_at timestamp with time zone,
    is_reappeal boolean NOT NULL,
    response_deadline timestamp with time zone,
    created_at timestamp with time zone NOT NULL,
    submitted_at timestamp with time zone,
    updated_at timestamp with time zone NOT NULL,
    appellant_team_id bigint NOT NULL,
    appellant_user_id bigint NOT NULL,
    competition_id bigint,
    fee_verified_by_id bigint,
    match_id bigint,
    original_appeal_id bigint,
    respondent_team_id bigint NOT NULL,
    reappeal_deadline timestamp with time zone
);


ALTER TABLE public.appeals_appeal OWNER TO mkj_user;

--
-- Name: appeals_appeal_id_seq; Type: SEQUENCE; Schema: public; Owner: mkj_user
--

ALTER TABLE public.appeals_appeal ALTER COLUMN id ADD GENERATED BY DEFAULT AS IDENTITY (
    SEQUENCE NAME public.appeals_appeal_id_seq
    START WITH 1
    INCREMENT BY 1
    NO MINVALUE
    NO MAXVALUE
    CACHE 1
);


--
-- Name: appeals_appealevidence; Type: TABLE; Schema: public; Owner: mkj_user
--

CREATE TABLE public.appeals_appealevidence (
    id bigint NOT NULL,
    evidence_type character varying(20) NOT NULL,
    file character varying(100) NOT NULL,
    title character varying(200) NOT NULL,
    description text NOT NULL,
    uploaded_at timestamp with time zone NOT NULL,
    appeal_id bigint NOT NULL,
    uploaded_by_id bigint
);


ALTER TABLE public.appeals_appealevidence OWNER TO mkj_user;

--
-- Name: appeals_appealevidence_id_seq; Type: SEQUENCE; Schema: public; Owner: mkj_user
--

ALTER TABLE public.appeals_appealevidence ALTER COLUMN id ADD GENERATED BY DEFAULT AS IDENTITY (
    SEQUENCE NAME public.appeals_appealevidence_id_seq
    START WITH 1
    INCREMENT BY 1
    NO MINVALUE
    NO MAXVALUE
    CACHE 1
);


--
-- Name: appeals_appealresponse; Type: TABLE; Schema: public; Owner: mkj_user
--

CREATE TABLE public.appeals_appealresponse (
    id bigint NOT NULL,
    statement text NOT NULL,
    submitted_at timestamp with time zone NOT NULL,
    updated_at timestamp with time zone NOT NULL,
    appeal_id bigint NOT NULL,
    respondent_user_id bigint NOT NULL
);


ALTER TABLE public.appeals_appealresponse OWNER TO mkj_user;

--
-- Name: appeals_appealresponse_id_seq; Type: SEQUENCE; Schema: public; Owner: mkj_user
--

ALTER TABLE public.appeals_appealresponse ALTER COLUMN id ADD GENERATED BY DEFAULT AS IDENTITY (
    SEQUENCE NAME public.appeals_appealresponse_id_seq
    START WITH 1
    INCREMENT BY 1
    NO MINVALUE
    NO MAXVALUE
    CACHE 1
);


--
-- Name: appeals_decisionevidence; Type: TABLE; Schema: public; Owner: mkj_user
--

CREATE TABLE public.appeals_decisionevidence (
    id bigint NOT NULL,
    evidence_type character varying(20) NOT NULL,
    file character varying(100) NOT NULL,
    title character varying(200) NOT NULL,
    description text NOT NULL,
    uploaded_at timestamp with time zone NOT NULL,
    uploaded_by_id bigint,
    decision_id bigint NOT NULL
);


ALTER TABLE public.appeals_decisionevidence OWNER TO mkj_user;

--
-- Name: appeals_decisionevidence_id_seq; Type: SEQUENCE; Schema: public; Owner: mkj_user
--

ALTER TABLE public.appeals_decisionevidence ALTER COLUMN id ADD GENERATED BY DEFAULT AS IDENTITY (
    SEQUENCE NAME public.appeals_decisionevidence_id_seq
    START WITH 1
    INCREMENT BY 1
    NO MINVALUE
    NO MAXVALUE
    CACHE 1
);


--
-- Name: appeals_hearingschedule; Type: TABLE; Schema: public; Owner: mkj_user
--

CREATE TABLE public.appeals_hearingschedule (
    id bigint NOT NULL,
    hearing_date date NOT NULL,
    hearing_time time without time zone NOT NULL,
    location character varying(300) NOT NULL,
    notes text NOT NULL,
    is_cancelled boolean NOT NULL,
    created_at timestamp with time zone NOT NULL,
    updated_at timestamp with time zone NOT NULL,
    appeal_id bigint NOT NULL,
    scheduled_by_id bigint
);


ALTER TABLE public.appeals_hearingschedule OWNER TO mkj_user;

--
-- Name: appeals_hearingschedule_id_seq; Type: SEQUENCE; Schema: public; Owner: mkj_user
--

ALTER TABLE public.appeals_hearingschedule ALTER COLUMN id ADD GENERATED BY DEFAULT AS IDENTITY (
    SEQUENCE NAME public.appeals_hearingschedule_id_seq
    START WITH 1
    INCREMENT BY 1
    NO MINVALUE
    NO MAXVALUE
    CACHE 1
);


--
-- Name: appeals_jurydecision; Type: TABLE; Schema: public; Owner: mkj_user
--

CREATE TABLE public.appeals_jurydecision (
    id bigint NOT NULL,
    outcome character varying(20) NOT NULL,
    reasoning text NOT NULL,
    sanctions text NOT NULL,
    is_published boolean NOT NULL,
    published_at timestamp with time zone,
    created_at timestamp with time zone NOT NULL,
    updated_at timestamp with time zone NOT NULL,
    appeal_id bigint NOT NULL,
    decided_by_id bigint NOT NULL
);


ALTER TABLE public.appeals_jurydecision OWNER TO mkj_user;

--
-- Name: appeals_jurydecision_id_seq; Type: SEQUENCE; Schema: public; Owner: mkj_user
--

ALTER TABLE public.appeals_jurydecision ALTER COLUMN id ADD GENERATED BY DEFAULT AS IDENTITY (
    SEQUENCE NAME public.appeals_jurydecision_id_seq
    START WITH 1
    INCREMENT BY 1
    NO MINVALUE
    NO MAXVALUE
    CACHE 1
);


--
-- Name: appeals_responseevidence; Type: TABLE; Schema: public; Owner: mkj_user
--

CREATE TABLE public.appeals_responseevidence (
    id bigint NOT NULL,
    evidence_type character varying(20) NOT NULL,
    file character varying(100) NOT NULL,
    title character varying(200) NOT NULL,
    description text NOT NULL,
    uploaded_at timestamp with time zone NOT NULL,
    response_id bigint NOT NULL,
    uploaded_by_id bigint
);


ALTER TABLE public.appeals_responseevidence OWNER TO mkj_user;

--
-- Name: appeals_responseevidence_id_seq; Type: SEQUENCE; Schema: public; Owner: mkj_user
--

ALTER TABLE public.appeals_responseevidence ALTER COLUMN id ADD GENERATED BY DEFAULT AS IDENTITY (
    SEQUENCE NAME public.appeals_responseevidence_id_seq
    START WITH 1
    INCREMENT BY 1
    NO MINVALUE
    NO MAXVALUE
    CACHE 1
);


--
-- Name: auth_group; Type: TABLE; Schema: public; Owner: mkj_user
--

CREATE TABLE public.auth_group (
    id integer NOT NULL,
    name character varying(150) NOT NULL
);


ALTER TABLE public.auth_group OWNER TO mkj_user;

--
-- Name: auth_group_id_seq; Type: SEQUENCE; Schema: public; Owner: mkj_user
--

ALTER TABLE public.auth_group ALTER COLUMN id ADD GENERATED BY DEFAULT AS IDENTITY (
    SEQUENCE NAME public.auth_group_id_seq
    START WITH 1
    INCREMENT BY 1
    NO MINVALUE
    NO MAXVALUE
    CACHE 1
);


--
-- Name: auth_group_permissions; Type: TABLE; Schema: public; Owner: mkj_user
--

CREATE TABLE public.auth_group_permissions (
    id bigint NOT NULL,
    group_id integer NOT NULL,
    permission_id integer NOT NULL
);


ALTER TABLE public.auth_group_permissions OWNER TO mkj_user;

--
-- Name: auth_group_permissions_id_seq; Type: SEQUENCE; Schema: public; Owner: mkj_user
--

ALTER TABLE public.auth_group_permissions ALTER COLUMN id ADD GENERATED BY DEFAULT AS IDENTITY (
    SEQUENCE NAME public.auth_group_permissions_id_seq
    START WITH 1
    INCREMENT BY 1
    NO MINVALUE
    NO MAXVALUE
    CACHE 1
);


--
-- Name: auth_permission; Type: TABLE; Schema: public; Owner: mkj_user
--

CREATE TABLE public.auth_permission (
    id integer NOT NULL,
    name character varying(255) NOT NULL,
    content_type_id integer NOT NULL,
    codename character varying(100) NOT NULL
);


ALTER TABLE public.auth_permission OWNER TO mkj_user;

--
-- Name: auth_permission_id_seq; Type: SEQUENCE; Schema: public; Owner: mkj_user
--

ALTER TABLE public.auth_permission ALTER COLUMN id ADD GENERATED BY DEFAULT AS IDENTITY (
    SEQUENCE NAME public.auth_permission_id_seq
    START WITH 1
    INCREMENT BY 1
    NO MINVALUE
    NO MAXVALUE
    CACHE 1
);


--
-- Name: competitions_competition; Type: TABLE; Schema: public; Owner: mkj_user
--

CREATE TABLE public.competitions_competition (
    id bigint NOT NULL,
    name character varying(200) NOT NULL,
    season character varying(10) NOT NULL,
    age_group character varying(10) NOT NULL,
    status character varying(20) NOT NULL,
    description text NOT NULL,
    start_date date NOT NULL,
    end_date date NOT NULL,
    max_teams integer NOT NULL,
    created_at timestamp with time zone NOT NULL,
    updated_at timestamp with time zone NOT NULL,
    created_by_id bigint,
    sport_type character varying(30) NOT NULL,
    is_exhibition boolean NOT NULL,
    format_type character varying(30) NOT NULL,
    gender character varying(10) NOT NULL,
    qualify_from_group integer NOT NULL,
    rules text NOT NULL,
    teams_per_group integer NOT NULL,
    CONSTRAINT competitions_competition_max_teams_check CHECK ((max_teams >= 0)),
    CONSTRAINT competitions_competition_qualify_from_group_check CHECK ((qualify_from_group >= 0)),
    CONSTRAINT competitions_competition_teams_per_group_check CHECK ((teams_per_group >= 0))
);


ALTER TABLE public.competitions_competition OWNER TO mkj_user;

--
-- Name: competitions_competition_id_seq; Type: SEQUENCE; Schema: public; Owner: mkj_user
--

ALTER TABLE public.competitions_competition ALTER COLUMN id ADD GENERATED BY DEFAULT AS IDENTITY (
    SEQUENCE NAME public.competitions_competition_id_seq
    START WITH 1
    INCREMENT BY 1
    NO MINVALUE
    NO MAXVALUE
    CACHE 1
);


--
-- Name: competitions_fixture; Type: TABLE; Schema: public; Owner: mkj_user
--

CREATE TABLE public.competitions_fixture (
    id bigint NOT NULL,
    match_date date NOT NULL,
    kickoff_time time without time zone NOT NULL,
    status character varying(20) NOT NULL,
    round_number integer,
    home_score integer,
    away_score integer,
    is_walkover boolean NOT NULL,
    created_at timestamp with time zone NOT NULL,
    updated_at timestamp with time zone NOT NULL,
    away_team_id bigint NOT NULL,
    competition_id bigint NOT NULL,
    created_by_id bigint,
    home_team_id bigint NOT NULL,
    walkover_team_id bigint,
    pool_id bigint,
    venue_id bigint,
    away_penalties integer,
    away_score_et integer,
    bracket_position integer,
    home_penalties integer,
    home_score_et integer,
    is_knockout boolean NOT NULL,
    knockout_round character varying(20) NOT NULL,
    leg_number integer,
    winner_id bigint,
    CONSTRAINT competitions_fixture_away_penalties_check CHECK ((away_penalties >= 0)),
    CONSTRAINT competitions_fixture_away_score_check CHECK ((away_score >= 0)),
    CONSTRAINT competitions_fixture_away_score_et_check CHECK ((away_score_et >= 0)),
    CONSTRAINT competitions_fixture_bracket_position_check CHECK ((bracket_position >= 0)),
    CONSTRAINT competitions_fixture_home_penalties_check CHECK ((home_penalties >= 0)),
    CONSTRAINT competitions_fixture_home_score_check CHECK ((home_score >= 0)),
    CONSTRAINT competitions_fixture_home_score_et_check CHECK ((home_score_et >= 0)),
    CONSTRAINT competitions_fixture_leg_number_check CHECK ((leg_number >= 0)),
    CONSTRAINT competitions_fixture_round_number_check CHECK ((round_number >= 0))
);


ALTER TABLE public.competitions_fixture OWNER TO mkj_user;

--
-- Name: competitions_fixture_id_seq; Type: SEQUENCE; Schema: public; Owner: mkj_user
--

ALTER TABLE public.competitions_fixture ALTER COLUMN id ADD GENERATED BY DEFAULT AS IDENTITY (
    SEQUENCE NAME public.competitions_fixture_id_seq
    START WITH 1
    INCREMENT BY 1
    NO MINVALUE
    NO MAXVALUE
    CACHE 1
);


--
-- Name: competitions_pool; Type: TABLE; Schema: public; Owner: mkj_user
--

CREATE TABLE public.competitions_pool (
    id bigint NOT NULL,
    name character varying(50) NOT NULL,
    notes text NOT NULL,
    competition_id bigint NOT NULL,
    venue_id bigint
);


ALTER TABLE public.competitions_pool OWNER TO mkj_user;

--
-- Name: competitions_pool_id_seq; Type: SEQUENCE; Schema: public; Owner: mkj_user
--

ALTER TABLE public.competitions_pool ALTER COLUMN id ADD GENERATED BY DEFAULT AS IDENTITY (
    SEQUENCE NAME public.competitions_pool_id_seq
    START WITH 1
    INCREMENT BY 1
    NO MINVALUE
    NO MAXVALUE
    CACHE 1
);


--
-- Name: competitions_poolteam; Type: TABLE; Schema: public; Owner: mkj_user
--

CREATE TABLE public.competitions_poolteam (
    id bigint NOT NULL,
    played integer NOT NULL,
    won integer NOT NULL,
    drawn integer NOT NULL,
    lost integer NOT NULL,
    goals_for integer NOT NULL,
    goals_against integer NOT NULL,
    pool_id bigint NOT NULL,
    team_id bigint NOT NULL,
    bonus_points integer NOT NULL,
    sets_lost integer NOT NULL,
    sets_won integer NOT NULL,
    CONSTRAINT competitions_poolteam_drawn_check CHECK ((drawn >= 0)),
    CONSTRAINT competitions_poolteam_goals_against_check CHECK ((goals_against >= 0)),
    CONSTRAINT competitions_poolteam_goals_for_check CHECK ((goals_for >= 0)),
    CONSTRAINT competitions_poolteam_lost_check CHECK ((lost >= 0)),
    CONSTRAINT competitions_poolteam_played_check CHECK ((played >= 0)),
    CONSTRAINT competitions_poolteam_sets_lost_check CHECK ((sets_lost >= 0)),
    CONSTRAINT competitions_poolteam_sets_won_check CHECK ((sets_won >= 0)),
    CONSTRAINT competitions_poolteam_won_check CHECK ((won >= 0))
);


ALTER TABLE public.competitions_poolteam OWNER TO mkj_user;

--
-- Name: competitions_poolteam_id_seq; Type: SEQUENCE; Schema: public; Owner: mkj_user
--

ALTER TABLE public.competitions_poolteam ALTER COLUMN id ADD GENERATED BY DEFAULT AS IDENTITY (
    SEQUENCE NAME public.competitions_poolteam_id_seq
    START WITH 1
    INCREMENT BY 1
    NO MINVALUE
    NO MAXVALUE
    CACHE 1
);


--
-- Name: competitions_venue; Type: TABLE; Schema: public; Owner: mkj_user
--

CREATE TABLE public.competitions_venue (
    id bigint NOT NULL,
    name character varying(200) NOT NULL,
    county character varying(100) NOT NULL,
    city character varying(100) NOT NULL,
    address text NOT NULL,
    capacity integer NOT NULL,
    surface character varying(100) NOT NULL,
    facilities text NOT NULL,
    photo character varying(100),
    is_active boolean NOT NULL,
    latitude numeric(9,6),
    longitude numeric(9,6),
    CONSTRAINT competitions_venue_capacity_check CHECK ((capacity >= 0))
);


ALTER TABLE public.competitions_venue OWNER TO mkj_user;

--
-- Name: competitions_venue_id_seq; Type: SEQUENCE; Schema: public; Owner: mkj_user
--

ALTER TABLE public.competitions_venue ALTER COLUMN id ADD GENERATED BY DEFAULT AS IDENTITY (
    SEQUENCE NAME public.competitions_venue_id_seq
    START WITH 1
    INCREMENT BY 1
    NO MINVALUE
    NO MAXVALUE
    CACHE 1
);


--
-- Name: django_admin_log; Type: TABLE; Schema: public; Owner: mkj_user
--

CREATE TABLE public.django_admin_log (
    id integer NOT NULL,
    action_time timestamp with time zone NOT NULL,
    object_id text,
    object_repr character varying(200) NOT NULL,
    action_flag smallint NOT NULL,
    change_message text NOT NULL,
    content_type_id integer,
    user_id bigint NOT NULL,
    CONSTRAINT django_admin_log_action_flag_check CHECK ((action_flag >= 0))
);


ALTER TABLE public.django_admin_log OWNER TO mkj_user;

--
-- Name: django_admin_log_id_seq; Type: SEQUENCE; Schema: public; Owner: mkj_user
--

ALTER TABLE public.django_admin_log ALTER COLUMN id ADD GENERATED BY DEFAULT AS IDENTITY (
    SEQUENCE NAME public.django_admin_log_id_seq
    START WITH 1
    INCREMENT BY 1
    NO MINVALUE
    NO MAXVALUE
    CACHE 1
);


--
-- Name: django_content_type; Type: TABLE; Schema: public; Owner: mkj_user
--

CREATE TABLE public.django_content_type (
    id integer NOT NULL,
    app_label character varying(100) NOT NULL,
    model character varying(100) NOT NULL
);


ALTER TABLE public.django_content_type OWNER TO mkj_user;

--
-- Name: django_content_type_id_seq; Type: SEQUENCE; Schema: public; Owner: mkj_user
--

ALTER TABLE public.django_content_type ALTER COLUMN id ADD GENERATED BY DEFAULT AS IDENTITY (
    SEQUENCE NAME public.django_content_type_id_seq
    START WITH 1
    INCREMENT BY 1
    NO MINVALUE
    NO MAXVALUE
    CACHE 1
);


--
-- Name: django_migrations; Type: TABLE; Schema: public; Owner: mkj_user
--

CREATE TABLE public.django_migrations (
    id bigint NOT NULL,
    app character varying(255) NOT NULL,
    name character varying(255) NOT NULL,
    applied timestamp with time zone NOT NULL
);


ALTER TABLE public.django_migrations OWNER TO mkj_user;

--
-- Name: django_migrations_id_seq; Type: SEQUENCE; Schema: public; Owner: mkj_user
--

ALTER TABLE public.django_migrations ALTER COLUMN id ADD GENERATED BY DEFAULT AS IDENTITY (
    SEQUENCE NAME public.django_migrations_id_seq
    START WITH 1
    INCREMENT BY 1
    NO MINVALUE
    NO MAXVALUE
    CACHE 1
);


--
-- Name: django_session; Type: TABLE; Schema: public; Owner: mkj_user
--

CREATE TABLE public.django_session (
    session_key character varying(40) NOT NULL,
    session_data text NOT NULL,
    expire_date timestamp with time zone NOT NULL
);


ALTER TABLE public.django_session OWNER TO mkj_user;

--
-- Name: matches_matchevent; Type: TABLE; Schema: public; Owner: mkj_user
--

CREATE TABLE public.matches_matchevent (
    id bigint NOT NULL,
    event_type character varying(20) NOT NULL,
    minute integer NOT NULL,
    notes character varying(200) NOT NULL,
    player_id bigint,
    team_id bigint NOT NULL,
    report_id bigint NOT NULL,
    CONSTRAINT matches_matchevent_minute_check CHECK ((minute >= 0))
);


ALTER TABLE public.matches_matchevent OWNER TO mkj_user;

--
-- Name: matches_matchevent_id_seq; Type: SEQUENCE; Schema: public; Owner: mkj_user
--

ALTER TABLE public.matches_matchevent ALTER COLUMN id ADD GENERATED BY DEFAULT AS IDENTITY (
    SEQUENCE NAME public.matches_matchevent_id_seq
    START WITH 1
    INCREMENT BY 1
    NO MINVALUE
    NO MAXVALUE
    CACHE 1
);


--
-- Name: matches_matchreport; Type: TABLE; Schema: public; Owner: mkj_user
--

CREATE TABLE public.matches_matchreport (
    id bigint NOT NULL,
    status character varying(20) NOT NULL,
    home_score integer NOT NULL,
    away_score integer NOT NULL,
    home_yellow_cards integer NOT NULL,
    away_yellow_cards integer NOT NULL,
    home_red_cards integer NOT NULL,
    away_red_cards integer NOT NULL,
    match_duration integer NOT NULL,
    added_time_ht integer NOT NULL,
    added_time_ft integer NOT NULL,
    pitch_condition character varying(20) NOT NULL,
    weather character varying(100) NOT NULL,
    attendance integer,
    referee_notes text NOT NULL,
    is_abandoned boolean NOT NULL,
    abandonment_reason text NOT NULL,
    reviewed_at timestamp with time zone,
    reviewer_notes text NOT NULL,
    submitted_at timestamp with time zone,
    created_at timestamp with time zone NOT NULL,
    updated_at timestamp with time zone NOT NULL,
    fixture_id bigint NOT NULL,
    referee_id bigint,
    reviewed_by_id bigint,
    away_sets integer NOT NULL,
    away_suspensions integer NOT NULL,
    home_sets integer NOT NULL,
    home_suspensions integer NOT NULL,
    overtime_periods integer NOT NULL,
    overtime_played boolean NOT NULL,
    appointment_snapshot jsonb NOT NULL,
    CONSTRAINT matches_matchreport_added_time_ft_check CHECK ((added_time_ft >= 0)),
    CONSTRAINT matches_matchreport_added_time_ht_check CHECK ((added_time_ht >= 0)),
    CONSTRAINT matches_matchreport_attendance_check CHECK ((attendance >= 0)),
    CONSTRAINT matches_matchreport_away_red_cards_check CHECK ((away_red_cards >= 0)),
    CONSTRAINT matches_matchreport_away_score_check CHECK ((away_score >= 0)),
    CONSTRAINT matches_matchreport_away_sets_check CHECK ((away_sets >= 0)),
    CONSTRAINT matches_matchreport_away_suspensions_check CHECK ((away_suspensions >= 0)),
    CONSTRAINT matches_matchreport_away_yellow_cards_check CHECK ((away_yellow_cards >= 0)),
    CONSTRAINT matches_matchreport_home_red_cards_check CHECK ((home_red_cards >= 0)),
    CONSTRAINT matches_matchreport_home_score_check CHECK ((home_score >= 0)),
    CONSTRAINT matches_matchreport_home_sets_check CHECK ((home_sets >= 0)),
    CONSTRAINT matches_matchreport_home_suspensions_check CHECK ((home_suspensions >= 0)),
    CONSTRAINT matches_matchreport_home_yellow_cards_check CHECK ((home_yellow_cards >= 0)),
    CONSTRAINT matches_matchreport_match_duration_check CHECK ((match_duration >= 0)),
    CONSTRAINT matches_matchreport_overtime_periods_check CHECK ((overtime_periods >= 0))
);


ALTER TABLE public.matches_matchreport OWNER TO mkj_user;

--
-- Name: matches_matchreport_id_seq; Type: SEQUENCE; Schema: public; Owner: mkj_user
--

ALTER TABLE public.matches_matchreport ALTER COLUMN id ADD GENERATED BY DEFAULT AS IDENTITY (
    SEQUENCE NAME public.matches_matchreport_id_seq
    START WITH 1
    INCREMENT BY 1
    NO MINVALUE
    NO MAXVALUE
    CACHE 1
);


--
-- Name: matches_periodscore; Type: TABLE; Schema: public; Owner: mkj_user
--

CREATE TABLE public.matches_periodscore (
    id bigint NOT NULL,
    period_number integer NOT NULL,
    period_label character varying(30) NOT NULL,
    home_score integer NOT NULL,
    away_score integer NOT NULL,
    is_overtime boolean NOT NULL,
    report_id bigint NOT NULL,
    CONSTRAINT matches_periodscore_away_score_check CHECK ((away_score >= 0)),
    CONSTRAINT matches_periodscore_home_score_check CHECK ((home_score >= 0)),
    CONSTRAINT matches_periodscore_period_number_check CHECK ((period_number >= 0))
);


ALTER TABLE public.matches_periodscore OWNER TO mkj_user;

--
-- Name: matches_periodscore_id_seq; Type: SEQUENCE; Schema: public; Owner: mkj_user
--

ALTER TABLE public.matches_periodscore ALTER COLUMN id ADD GENERATED BY DEFAULT AS IDENTITY (
    SEQUENCE NAME public.matches_periodscore_id_seq
    START WITH 1
    INCREMENT BY 1
    NO MINVALUE
    NO MAXVALUE
    CACHE 1
);


--
-- Name: matches_playerstatistics; Type: TABLE; Schema: public; Owner: mkj_user
--

CREATE TABLE public.matches_playerstatistics (
    id bigint NOT NULL,
    matches_played integer NOT NULL,
    matches_started integer NOT NULL,
    matches_sub integer NOT NULL,
    minutes_played integer NOT NULL,
    goals integer NOT NULL,
    assists integer NOT NULL,
    penalties_scored integer NOT NULL,
    penalties_missed integer NOT NULL,
    own_goals integer NOT NULL,
    yellow_cards integer NOT NULL,
    red_cards integer NOT NULL,
    clean_sheets integer NOT NULL,
    goals_conceded integer NOT NULL,
    goal_contributions integer NOT NULL,
    updated_at timestamp with time zone NOT NULL,
    competition_id bigint NOT NULL,
    player_id bigint NOT NULL,
    team_id bigint NOT NULL,
    CONSTRAINT matches_playerstatistics_assists_check CHECK ((assists >= 0)),
    CONSTRAINT matches_playerstatistics_clean_sheets_check CHECK ((clean_sheets >= 0)),
    CONSTRAINT matches_playerstatistics_goal_contributions_check CHECK ((goal_contributions >= 0)),
    CONSTRAINT matches_playerstatistics_goals_check CHECK ((goals >= 0)),
    CONSTRAINT matches_playerstatistics_goals_conceded_check CHECK ((goals_conceded >= 0)),
    CONSTRAINT matches_playerstatistics_matches_played_check CHECK ((matches_played >= 0)),
    CONSTRAINT matches_playerstatistics_matches_started_check CHECK ((matches_started >= 0)),
    CONSTRAINT matches_playerstatistics_matches_sub_check CHECK ((matches_sub >= 0)),
    CONSTRAINT matches_playerstatistics_minutes_played_check CHECK ((minutes_played >= 0)),
    CONSTRAINT matches_playerstatistics_own_goals_check CHECK ((own_goals >= 0)),
    CONSTRAINT matches_playerstatistics_penalties_missed_check CHECK ((penalties_missed >= 0)),
    CONSTRAINT matches_playerstatistics_penalties_scored_check CHECK ((penalties_scored >= 0)),
    CONSTRAINT matches_playerstatistics_red_cards_check CHECK ((red_cards >= 0)),
    CONSTRAINT matches_playerstatistics_yellow_cards_check CHECK ((yellow_cards >= 0))
);


ALTER TABLE public.matches_playerstatistics OWNER TO mkj_user;

--
-- Name: matches_playerstatistics_id_seq; Type: SEQUENCE; Schema: public; Owner: mkj_user
--

ALTER TABLE public.matches_playerstatistics ALTER COLUMN id ADD GENERATED BY DEFAULT AS IDENTITY (
    SEQUENCE NAME public.matches_playerstatistics_id_seq
    START WITH 1
    INCREMENT BY 1
    NO MINVALUE
    NO MAXVALUE
    CACHE 1
);


--
-- Name: matches_squadplayer; Type: TABLE; Schema: public; Owner: mkj_user
--

CREATE TABLE public.matches_squadplayer (
    id bigint NOT NULL,
    is_starter boolean NOT NULL,
    shirt_number integer NOT NULL,
    player_id bigint NOT NULL,
    submission_id bigint NOT NULL,
    CONSTRAINT matches_squadplayer_shirt_number_check CHECK ((shirt_number >= 0))
);


ALTER TABLE public.matches_squadplayer OWNER TO mkj_user;

--
-- Name: matches_squadplayer_id_seq; Type: SEQUENCE; Schema: public; Owner: mkj_user
--

ALTER TABLE public.matches_squadplayer ALTER COLUMN id ADD GENERATED BY DEFAULT AS IDENTITY (
    SEQUENCE NAME public.matches_squadplayer_id_seq
    START WITH 1
    INCREMENT BY 1
    NO MINVALUE
    NO MAXVALUE
    CACHE 1
);


--
-- Name: matches_squadsubmission; Type: TABLE; Schema: public; Owner: mkj_user
--

CREATE TABLE public.matches_squadsubmission (
    id bigint NOT NULL,
    status character varying(20) NOT NULL,
    submitted_at timestamp with time zone,
    reviewed_at timestamp with time zone,
    rejection_reason text NOT NULL,
    fixture_id bigint NOT NULL,
    reviewed_by_id bigint,
    team_id bigint NOT NULL,
    formation character varying(20) NOT NULL,
    kit_choice character varying(10) NOT NULL
);


ALTER TABLE public.matches_squadsubmission OWNER TO mkj_user;

--
-- Name: matches_squadsubmission_id_seq; Type: SEQUENCE; Schema: public; Owner: mkj_user
--

ALTER TABLE public.matches_squadsubmission ALTER COLUMN id ADD GENERATED BY DEFAULT AS IDENTITY (
    SEQUENCE NAME public.matches_squadsubmission_id_seq
    START WITH 1
    INCREMENT BY 1
    NO MINVALUE
    NO MAXVALUE
    CACHE 1
);


--
-- Name: matches_substitutionrequest; Type: TABLE; Schema: public; Owner: mkj_user
--

CREATE TABLE public.matches_substitutionrequest (
    id bigint NOT NULL,
    minute integer NOT NULL,
    sub_type character varying(12) NOT NULL,
    status character varying(12) NOT NULL,
    sub_window integer,
    grants_opponent_extra boolean NOT NULL,
    reason text NOT NULL,
    requested_at timestamp with time zone NOT NULL,
    decided_at timestamp with time zone,
    denial_reason text NOT NULL,
    approved_by_id bigint,
    fixture_id bigint NOT NULL,
    player_off_id bigint NOT NULL,
    player_on_id bigint NOT NULL,
    requested_by_id bigint,
    team_id bigint NOT NULL,
    CONSTRAINT matches_substitutionrequest_minute_check CHECK ((minute >= 0)),
    CONSTRAINT matches_substitutionrequest_sub_window_check CHECK ((sub_window >= 0))
);


ALTER TABLE public.matches_substitutionrequest OWNER TO mkj_user;

--
-- Name: matches_substitutionrequest_id_seq; Type: SEQUENCE; Schema: public; Owner: mkj_user
--

ALTER TABLE public.matches_substitutionrequest ALTER COLUMN id ADD GENERATED BY DEFAULT AS IDENTITY (
    SEQUENCE NAME public.matches_substitutionrequest_id_seq
    START WITH 1
    INCREMENT BY 1
    NO MINVALUE
    NO MAXVALUE
    CACHE 1
);


--
-- Name: news_media_galleryalbum; Type: TABLE; Schema: public; Owner: mkj_user
--

CREATE TABLE public.news_media_galleryalbum (
    id bigint NOT NULL,
    title character varying(200) NOT NULL,
    slug character varying(220) NOT NULL,
    description text NOT NULL,
    cover_image character varying(100),
    event_date date,
    is_published boolean NOT NULL,
    created_at timestamp with time zone NOT NULL,
    created_by_id bigint
);


ALTER TABLE public.news_media_galleryalbum OWNER TO mkj_user;

--
-- Name: news_media_galleryalbum_id_seq; Type: SEQUENCE; Schema: public; Owner: mkj_user
--

ALTER TABLE public.news_media_galleryalbum ALTER COLUMN id ADD GENERATED BY DEFAULT AS IDENTITY (
    SEQUENCE NAME public.news_media_galleryalbum_id_seq
    START WITH 1
    INCREMENT BY 1
    NO MINVALUE
    NO MAXVALUE
    CACHE 1
);


--
-- Name: news_media_galleryimage; Type: TABLE; Schema: public; Owner: mkj_user
--

CREATE TABLE public.news_media_galleryimage (
    id bigint NOT NULL,
    image character varying(100) NOT NULL,
    caption character varying(300) NOT NULL,
    "order" integer NOT NULL,
    uploaded_at timestamp with time zone NOT NULL,
    album_id bigint NOT NULL,
    CONSTRAINT news_media_galleryimage_order_check CHECK (("order" >= 0))
);


ALTER TABLE public.news_media_galleryimage OWNER TO mkj_user;

--
-- Name: news_media_galleryimage_id_seq; Type: SEQUENCE; Schema: public; Owner: mkj_user
--

ALTER TABLE public.news_media_galleryimage ALTER COLUMN id ADD GENERATED BY DEFAULT AS IDENTITY (
    SEQUENCE NAME public.news_media_galleryimage_id_seq
    START WITH 1
    INCREMENT BY 1
    NO MINVALUE
    NO MAXVALUE
    CACHE 1
);


--
-- Name: news_media_newsarticle; Type: TABLE; Schema: public; Owner: mkj_user
--

CREATE TABLE public.news_media_newsarticle (
    id bigint NOT NULL,
    title character varying(300) NOT NULL,
    slug character varying(320) NOT NULL,
    featured_image character varying(100),
    excerpt text NOT NULL,
    content text NOT NULL,
    is_highlight boolean NOT NULL,
    is_featured boolean NOT NULL,
    status character varying(10) NOT NULL,
    published_at timestamp with time zone,
    created_at timestamp with time zone NOT NULL,
    updated_at timestamp with time zone NOT NULL,
    author_id bigint,
    category_id bigint
);


ALTER TABLE public.news_media_newsarticle OWNER TO mkj_user;

--
-- Name: news_media_newsarticle_id_seq; Type: SEQUENCE; Schema: public; Owner: mkj_user
--

ALTER TABLE public.news_media_newsarticle ALTER COLUMN id ADD GENERATED BY DEFAULT AS IDENTITY (
    SEQUENCE NAME public.news_media_newsarticle_id_seq
    START WITH 1
    INCREMENT BY 1
    NO MINVALUE
    NO MAXVALUE
    CACHE 1
);


--
-- Name: news_media_newscategory; Type: TABLE; Schema: public; Owner: mkj_user
--

CREATE TABLE public.news_media_newscategory (
    id bigint NOT NULL,
    name character varying(100) NOT NULL,
    slug character varying(120) NOT NULL,
    icon character varying(50) NOT NULL
);


ALTER TABLE public.news_media_newscategory OWNER TO mkj_user;

--
-- Name: news_media_newscategory_id_seq; Type: SEQUENCE; Schema: public; Owner: mkj_user
--

ALTER TABLE public.news_media_newscategory ALTER COLUMN id ADD GENERATED BY DEFAULT AS IDENTITY (
    SEQUENCE NAME public.news_media_newscategory_id_seq
    START WITH 1
    INCREMENT BY 1
    NO MINVALUE
    NO MAXVALUE
    CACHE 1
);


--
-- Name: news_media_video; Type: TABLE; Schema: public; Owner: mkj_user
--

CREATE TABLE public.news_media_video (
    id bigint NOT NULL,
    title character varying(300) NOT NULL,
    slug character varying(320) NOT NULL,
    description text NOT NULL,
    thumbnail character varying(100),
    source character varying(10) NOT NULL,
    video_file character varying(100),
    video_url character varying(200) NOT NULL,
    duration character varying(20) NOT NULL,
    is_featured boolean NOT NULL,
    is_published boolean NOT NULL,
    created_at timestamp with time zone NOT NULL,
    uploaded_by_id bigint
);


ALTER TABLE public.news_media_video OWNER TO mkj_user;

--
-- Name: news_media_video_id_seq; Type: SEQUENCE; Schema: public; Owner: mkj_user
--

ALTER TABLE public.news_media_video ALTER COLUMN id ADD GENERATED BY DEFAULT AS IDENTITY (
    SEQUENCE NAME public.news_media_video_id_seq
    START WITH 1
    INCREMENT BY 1
    NO MINVALUE
    NO MAXVALUE
    CACHE 1
);


--
-- Name: referees_refereeappointment; Type: TABLE; Schema: public; Owner: mkj_user
--

CREATE TABLE public.referees_refereeappointment (
    id bigint NOT NULL,
    role character varying(30) NOT NULL,
    status character varying(20) NOT NULL,
    appointed_at timestamp with time zone NOT NULL,
    confirmed_at timestamp with time zone,
    notes text NOT NULL,
    appointed_by_id bigint,
    fixture_id bigint NOT NULL,
    referee_id bigint NOT NULL
);


ALTER TABLE public.referees_refereeappointment OWNER TO mkj_user;

--
-- Name: referees_refereeappointment_id_seq; Type: SEQUENCE; Schema: public; Owner: mkj_user
--

ALTER TABLE public.referees_refereeappointment ALTER COLUMN id ADD GENERATED BY DEFAULT AS IDENTITY (
    SEQUENCE NAME public.referees_refereeappointment_id_seq
    START WITH 1
    INCREMENT BY 1
    NO MINVALUE
    NO MAXVALUE
    CACHE 1
);


--
-- Name: referees_refereeavailability; Type: TABLE; Schema: public; Owner: mkj_user
--

CREATE TABLE public.referees_refereeavailability (
    id bigint NOT NULL,
    date date NOT NULL,
    status character varying(20) NOT NULL,
    notes character varying(200) NOT NULL,
    referee_id bigint NOT NULL
);


ALTER TABLE public.referees_refereeavailability OWNER TO mkj_user;

--
-- Name: referees_refereeavailability_id_seq; Type: SEQUENCE; Schema: public; Owner: mkj_user
--

ALTER TABLE public.referees_refereeavailability ALTER COLUMN id ADD GENERATED BY DEFAULT AS IDENTITY (
    SEQUENCE NAME public.referees_refereeavailability_id_seq
    START WITH 1
    INCREMENT BY 1
    NO MINVALUE
    NO MAXVALUE
    CACHE 1
);


--
-- Name: referees_refereecertification; Type: TABLE; Schema: public; Owner: mkj_user
--

CREATE TABLE public.referees_refereecertification (
    id bigint NOT NULL,
    title character varying(200) NOT NULL,
    issued_by character varying(200) NOT NULL,
    issued_date date NOT NULL,
    expiry_date date,
    certificate character varying(100),
    referee_id bigint NOT NULL
);


ALTER TABLE public.referees_refereecertification OWNER TO mkj_user;

--
-- Name: referees_refereecertification_id_seq; Type: SEQUENCE; Schema: public; Owner: mkj_user
--

ALTER TABLE public.referees_refereecertification ALTER COLUMN id ADD GENERATED BY DEFAULT AS IDENTITY (
    SEQUENCE NAME public.referees_refereecertification_id_seq
    START WITH 1
    INCREMENT BY 1
    NO MINVALUE
    NO MAXVALUE
    CACHE 1
);


--
-- Name: referees_refereeprofile; Type: TABLE; Schema: public; Owner: mkj_user
--

CREATE TABLE public.referees_refereeprofile (
    id bigint NOT NULL,
    license_number character varying(50) NOT NULL,
    level character varying(20) NOT NULL,
    county character varying(100) NOT NULL,
    is_approved boolean NOT NULL,
    approved_at timestamp with time zone,
    id_number character varying(20) NOT NULL,
    bio text NOT NULL,
    years_experience integer NOT NULL,
    total_matches integer NOT NULL,
    avg_rating numeric(3,1) NOT NULL,
    created_at timestamp with time zone NOT NULL,
    updated_at timestamp with time zone NOT NULL,
    approved_by_id bigint,
    user_id bigint NOT NULL,
    profile_picture character varying(100),
    referee_type character varying(20) NOT NULL,
    CONSTRAINT referees_refereeprofile_total_matches_check CHECK ((total_matches >= 0)),
    CONSTRAINT referees_refereeprofile_years_experience_check CHECK ((years_experience >= 0))
);


ALTER TABLE public.referees_refereeprofile OWNER TO mkj_user;

--
-- Name: referees_refereeprofile_id_seq; Type: SEQUENCE; Schema: public; Owner: mkj_user
--

ALTER TABLE public.referees_refereeprofile ALTER COLUMN id ADD GENERATED BY DEFAULT AS IDENTITY (
    SEQUENCE NAME public.referees_refereeprofile_id_seq
    START WITH 1
    INCREMENT BY 1
    NO MINVALUE
    NO MAXVALUE
    CACHE 1
);


--
-- Name: referees_refereereview; Type: TABLE; Schema: public; Owner: mkj_user
--

CREATE TABLE public.referees_refereereview (
    id bigint NOT NULL,
    overall_score integer NOT NULL,
    positioning integer NOT NULL,
    decision_making integer NOT NULL,
    fitness integer NOT NULL,
    communication integer NOT NULL,
    notes text NOT NULL,
    reviewed_at timestamp with time zone NOT NULL,
    fixture_id bigint NOT NULL,
    referee_id bigint NOT NULL,
    reviewer_id bigint NOT NULL,
    CONSTRAINT referees_refereereview_communication_check CHECK ((communication >= 0)),
    CONSTRAINT referees_refereereview_decision_making_check CHECK ((decision_making >= 0)),
    CONSTRAINT referees_refereereview_fitness_check CHECK ((fitness >= 0)),
    CONSTRAINT referees_refereereview_overall_score_check CHECK ((overall_score >= 0)),
    CONSTRAINT referees_refereereview_positioning_check CHECK ((positioning >= 0))
);


ALTER TABLE public.referees_refereereview OWNER TO mkj_user;

--
-- Name: referees_refereereview_id_seq; Type: SEQUENCE; Schema: public; Owner: mkj_user
--

ALTER TABLE public.referees_refereereview ALTER COLUMN id ADD GENERATED BY DEFAULT AS IDENTITY (
    SEQUENCE NAME public.referees_refereereview_id_seq
    START WITH 1
    INCREMENT BY 1
    NO MINVALUE
    NO MAXVALUE
    CACHE 1
);


--
-- Name: teams_county; Type: TABLE; Schema: public; Owner: mkj_user
--

CREATE TABLE public.teams_county (
    id bigint NOT NULL,
    name character varying(100) NOT NULL,
    code character varying(10) NOT NULL,
    capital character varying(100) NOT NULL,
    sports_officer_name character varying(200) NOT NULL,
    sports_officer_email character varying(254) NOT NULL,
    sports_officer_phone character varying(13) NOT NULL,
    alt_contact_name character varying(200) NOT NULL,
    alt_contact_email character varying(254) NOT NULL,
    alt_contact_phone character varying(13) NOT NULL,
    office_address text NOT NULL,
    is_active boolean NOT NULL,
    created_at timestamp with time zone NOT NULL,
    updated_at timestamp with time zone NOT NULL
);


ALTER TABLE public.teams_county OWNER TO mkj_user;

--
-- Name: teams_county_id_seq; Type: SEQUENCE; Schema: public; Owner: mkj_user
--

ALTER TABLE public.teams_county ALTER COLUMN id ADD GENERATED BY DEFAULT AS IDENTITY (
    SEQUENCE NAME public.teams_county_id_seq
    START WITH 1
    INCREMENT BY 1
    NO MINVALUE
    NO MAXVALUE
    CACHE 1
);


--
-- Name: teams_countydelegationmember; Type: TABLE; Schema: public; Owner: mkj_user
--

CREATE TABLE public.teams_countydelegationmember (
    id bigint NOT NULL,
    role character varying(40) NOT NULL,
    full_name character varying(200) NOT NULL,
    phone character varying(13) NOT NULL,
    national_id_number character varying(20) NOT NULL,
    email character varying(254) NOT NULL,
    created_at timestamp with time zone NOT NULL,
    updated_at timestamp with time zone NOT NULL,
    registration_id bigint NOT NULL,
    user_id bigint
);


ALTER TABLE public.teams_countydelegationmember OWNER TO mkj_user;

--
-- Name: teams_countydelegationmember_id_seq; Type: SEQUENCE; Schema: public; Owner: mkj_user
--

ALTER TABLE public.teams_countydelegationmember ALTER COLUMN id ADD GENERATED BY DEFAULT AS IDENTITY (
    SEQUENCE NAME public.teams_countydelegationmember_id_seq
    START WITH 1
    INCREMENT BY 1
    NO MINVALUE
    NO MAXVALUE
    CACHE 1
);


--
-- Name: teams_countydiscipline; Type: TABLE; Schema: public; Owner: mkj_user
--

CREATE TABLE public.teams_countydiscipline (
    id bigint NOT NULL,
    sport_type character varying(30) NOT NULL,
    registration_id bigint NOT NULL,
    sub_county character varying(100) NOT NULL
);


ALTER TABLE public.teams_countydiscipline OWNER TO mkj_user;

--
-- Name: teams_countydiscipline_id_seq; Type: SEQUENCE; Schema: public; Owner: mkj_user
--

ALTER TABLE public.teams_countydiscipline ALTER COLUMN id ADD GENERATED BY DEFAULT AS IDENTITY (
    SEQUENCE NAME public.teams_countydiscipline_id_seq
    START WITH 1
    INCREMENT BY 1
    NO MINVALUE
    NO MAXVALUE
    CACHE 1
);


--
-- Name: teams_countyplayer; Type: TABLE; Schema: public; Owner: mkj_user
--

CREATE TABLE public.teams_countyplayer (
    id bigint NOT NULL,
    first_name character varying(100) NOT NULL,
    last_name character varying(100) NOT NULL,
    date_of_birth date NOT NULL,
    national_id_number character varying(20) NOT NULL,
    phone character varying(13) NOT NULL,
    photo character varying(100),
    id_document character varying(100),
    registered_at timestamp with time zone NOT NULL,
    discipline_id bigint NOT NULL,
    birth_certificate character varying(100),
    higher_league_details text NOT NULL,
    higher_league_status character varying(20) NOT NULL,
    huduma_number character varying(30) NOT NULL,
    huduma_status character varying(20) NOT NULL,
    huduma_verified_at timestamp with time zone,
    jersey_number integer,
    "position" character varying(10) NOT NULL,
    rejection_reason text NOT NULL,
    verification_status character varying(20) NOT NULL,
    iprs_photo character varying(100),
    sub_county character varying(100) NOT NULL,
    ward character varying(100) NOT NULL,
    CONSTRAINT teams_countyplayer_jersey_number_check CHECK ((jersey_number >= 0))
);


ALTER TABLE public.teams_countyplayer OWNER TO mkj_user;

--
-- Name: teams_countyplayer_id_seq; Type: SEQUENCE; Schema: public; Owner: mkj_user
--

ALTER TABLE public.teams_countyplayer ALTER COLUMN id ADD GENERATED BY DEFAULT AS IDENTITY (
    SEQUENCE NAME public.teams_countyplayer_id_seq
    START WITH 1
    INCREMENT BY 1
    NO MINVALUE
    NO MAXVALUE
    CACHE 1
);


--
-- Name: teams_countyregistration; Type: TABLE; Schema: public; Owner: mkj_user
--

CREATE TABLE public.teams_countyregistration (
    id bigint NOT NULL,
    county character varying(100) NOT NULL,
    status character varying(20) NOT NULL,
    mpesa_reference character varying(100) NOT NULL,
    bank_slip character varying(100),
    payment_amount numeric(10,2),
    payment_submitted_at timestamp with time zone,
    approved_at timestamp with time zone,
    rejection_reason text NOT NULL,
    created_at timestamp with time zone NOT NULL,
    updated_at timestamp with time zone NOT NULL,
    approved_by_id bigint,
    user_id bigint NOT NULL,
    director_name character varying(200) NOT NULL,
    director_phone character varying(13) NOT NULL,
    bank_reference character varying(100) NOT NULL,
    mpesa_checkout_id character varying(100) NOT NULL,
    mpesa_phone character varying(13) NOT NULL,
    payment_method character varying(20) NOT NULL
);


ALTER TABLE public.teams_countyregistration OWNER TO mkj_user;

--
-- Name: teams_countyregistration_id_seq; Type: SEQUENCE; Schema: public; Owner: mkj_user
--

ALTER TABLE public.teams_countyregistration ALTER COLUMN id ADD GENERATED BY DEFAULT AS IDENTITY (
    SEQUENCE NAME public.teams_countyregistration_id_seq
    START WITH 1
    INCREMENT BY 1
    NO MINVALUE
    NO MAXVALUE
    CACHE 1
);


--
-- Name: teams_player; Type: TABLE; Schema: public; Owner: mkj_user
--

CREATE TABLE public.teams_player (
    id bigint NOT NULL,
    first_name character varying(100) NOT NULL,
    last_name character varying(100) NOT NULL,
    date_of_birth date NOT NULL,
    "position" character varying(10) NOT NULL,
    shirt_number integer NOT NULL,
    photo character varying(100),
    status character varying(20) NOT NULL,
    registered_at timestamp with time zone NOT NULL,
    team_id bigint NOT NULL,
    birth_certificate character varying(100),
    id_document character varying(100),
    rejection_notes text NOT NULL,
    rejection_reason character varying(30) NOT NULL,
    verification_status character varying(20) NOT NULL,
    verified_at timestamp with time zone,
    verified_by_id bigint,
    birth_cert_number character varying(30) NOT NULL,
    national_id_number character varying(20) NOT NULL,
    fifa_connect_checked_at timestamp with time zone,
    fifa_connect_checked_by_id bigint,
    fifa_connect_id character varying(50) NOT NULL,
    fifa_connect_leagues jsonb NOT NULL,
    fifa_connect_notes text NOT NULL,
    fifa_connect_status character varying(20) NOT NULL,
    huduma_notes text NOT NULL,
    huduma_reference character varying(100) NOT NULL,
    huduma_status character varying(20) NOT NULL,
    huduma_verified_at timestamp with time zone,
    huduma_verified_by_id bigint,
    CONSTRAINT teams_player_shirt_number_check CHECK ((shirt_number >= 0))
);


ALTER TABLE public.teams_player OWNER TO mkj_user;

--
-- Name: teams_player_id_seq; Type: SEQUENCE; Schema: public; Owner: mkj_user
--

ALTER TABLE public.teams_player ALTER COLUMN id ADD GENERATED BY DEFAULT AS IDENTITY (
    SEQUENCE NAME public.teams_player_id_seq
    START WITH 1
    INCREMENT BY 1
    NO MINVALUE
    NO MAXVALUE
    CACHE 1
);


--
-- Name: teams_playerverificationlog; Type: TABLE; Schema: public; Owner: mkj_user
--

CREATE TABLE public.teams_playerverificationlog (
    id bigint NOT NULL,
    step character varying(20) NOT NULL,
    action character varying(50) NOT NULL,
    result character varying(50) NOT NULL,
    details jsonb NOT NULL,
    notes text NOT NULL,
    performed_at timestamp with time zone NOT NULL,
    performed_by_id bigint,
    player_id bigint NOT NULL
);


ALTER TABLE public.teams_playerverificationlog OWNER TO mkj_user;

--
-- Name: teams_playerverificationlog_id_seq; Type: SEQUENCE; Schema: public; Owner: mkj_user
--

ALTER TABLE public.teams_playerverificationlog ALTER COLUMN id ADD GENERATED BY DEFAULT AS IDENTITY (
    SEQUENCE NAME public.teams_playerverificationlog_id_seq
    START WITH 1
    INCREMENT BY 1
    NO MINVALUE
    NO MAXVALUE
    CACHE 1
);


--
-- Name: teams_scoutreport; Type: TABLE; Schema: public; Owner: mkj_user
--

CREATE TABLE public.teams_scoutreport (
    id bigint NOT NULL,
    sport_type character varying(30) NOT NULL,
    criteria_scores jsonb NOT NULL,
    overall_rating smallint NOT NULL,
    strengths text NOT NULL,
    weaknesses text NOT NULL,
    recommendation character varying(20) NOT NULL,
    notes text NOT NULL,
    minutes_observed integer NOT NULL,
    created_at timestamp with time zone NOT NULL,
    updated_at timestamp with time zone NOT NULL,
    fixture_id bigint NOT NULL,
    player_id bigint NOT NULL,
    scout_id bigint NOT NULL,
    CONSTRAINT teams_scoutreport_minutes_observed_check CHECK ((minutes_observed >= 0)),
    CONSTRAINT teams_scoutreport_overall_rating_check CHECK ((overall_rating >= 0))
);


ALTER TABLE public.teams_scoutreport OWNER TO mkj_user;

--
-- Name: teams_scoutreport_id_seq; Type: SEQUENCE; Schema: public; Owner: mkj_user
--

ALTER TABLE public.teams_scoutreport ALTER COLUMN id ADD GENERATED BY DEFAULT AS IDENTITY (
    SEQUENCE NAME public.teams_scoutreport_id_seq
    START WITH 1
    INCREMENT BY 1
    NO MINVALUE
    NO MAXVALUE
    CACHE 1
);


--
-- Name: teams_scoutshortlist; Type: TABLE; Schema: public; Owner: mkj_user
--

CREATE TABLE public.teams_scoutshortlist (
    id bigint NOT NULL,
    rating smallint NOT NULL,
    notes text NOT NULL,
    created_at timestamp with time zone NOT NULL,
    updated_at timestamp with time zone NOT NULL,
    player_id bigint NOT NULL,
    scout_id bigint NOT NULL,
    CONSTRAINT teams_scoutshortlist_rating_check CHECK ((rating >= 0))
);


ALTER TABLE public.teams_scoutshortlist OWNER TO mkj_user;

--
-- Name: teams_scoutshortlist_id_seq; Type: SEQUENCE; Schema: public; Owner: mkj_user
--

ALTER TABLE public.teams_scoutshortlist ALTER COLUMN id ADD GENERATED BY DEFAULT AS IDENTITY (
    SEQUENCE NAME public.teams_scoutshortlist_id_seq
    START WITH 1
    INCREMENT BY 1
    NO MINVALUE
    NO MAXVALUE
    CACHE 1
);


--
-- Name: teams_team; Type: TABLE; Schema: public; Owner: mkj_user
--

CREATE TABLE public.teams_team (
    id bigint NOT NULL,
    name character varying(200) NOT NULL,
    county_id bigint NOT NULL,
    status character varying(20) NOT NULL,
    badge character varying(100),
    home_colour character varying(50) NOT NULL,
    away_colour character varying(50) NOT NULL,
    contact_phone character varying(13) NOT NULL,
    contact_email character varying(254) NOT NULL,
    registered_at timestamp with time zone NOT NULL,
    updated_at timestamp with time zone NOT NULL,
    competition_id bigint,
    manager_id bigint,
    sport_type character varying(30) NOT NULL,
    payment_amount numeric(10,2),
    payment_confirmed boolean NOT NULL,
    payment_confirmed_at timestamp with time zone,
    payment_confirmed_by_id bigint,
    payment_reference character varying(100) NOT NULL,
    county_logo character varying(100),
    away_gk_colour character varying(50) NOT NULL,
    away_kit_image character varying(100),
    away_outfield_colour character varying(50) NOT NULL,
    away_shorts_colour character varying(50) NOT NULL,
    away_socks_colour character varying(50) NOT NULL,
    home_gk_colour character varying(50) NOT NULL,
    home_kit_image character varying(100),
    home_outfield_colour character varying(50) NOT NULL,
    home_shorts_colour character varying(50) NOT NULL,
    home_socks_colour character varying(50) NOT NULL,
    third_gk_colour character varying(50) NOT NULL,
    third_kit_image character varying(100),
    third_outfield_colour character varying(50) NOT NULL,
    third_shorts_colour character varying(50) NOT NULL,
    third_socks_colour character varying(50) NOT NULL,
    source_discipline_id bigint,
    sub_county character varying(100) NOT NULL
);


ALTER TABLE public.teams_team OWNER TO mkj_user;

--
-- Name: teams_team_id_seq; Type: SEQUENCE; Schema: public; Owner: mkj_user
--

ALTER TABLE public.teams_team ALTER COLUMN id ADD GENERATED BY DEFAULT AS IDENTITY (
    SEQUENCE NAME public.teams_team_id_seq
    START WITH 1
    INCREMENT BY 1
    NO MINVALUE
    NO MAXVALUE
    CACHE 1
);


--
-- Name: teams_technicalbenchmember; Type: TABLE; Schema: public; Owner: mkj_user
--

CREATE TABLE public.teams_technicalbenchmember (
    id bigint NOT NULL,
    role character varying(20) NOT NULL,
    first_name character varying(100) NOT NULL,
    last_name character varying(100) NOT NULL,
    email character varying(254) NOT NULL,
    phone character varying(13) NOT NULL,
    national_id_number character varying(20) NOT NULL,
    photo character varying(100),
    id_document character varying(100),
    created_at timestamp with time zone NOT NULL,
    updated_at timestamp with time zone NOT NULL,
    discipline_id bigint NOT NULL,
    user_id bigint
);


ALTER TABLE public.teams_technicalbenchmember OWNER TO mkj_user;

--
-- Name: teams_technicalbenchmember_id_seq; Type: SEQUENCE; Schema: public; Owner: mkj_user
--

ALTER TABLE public.teams_technicalbenchmember ALTER COLUMN id ADD GENERATED BY DEFAULT AS IDENTITY (
    SEQUENCE NAME public.teams_technicalbenchmember_id_seq
    START WITH 1
    INCREMENT BY 1
    NO MINVALUE
    NO MAXVALUE
    CACHE 1
);


--
-- Name: token_blacklist_blacklistedtoken; Type: TABLE; Schema: public; Owner: mkj_user
--

CREATE TABLE public.token_blacklist_blacklistedtoken (
    id bigint NOT NULL,
    blacklisted_at timestamp with time zone NOT NULL,
    token_id bigint NOT NULL
);


ALTER TABLE public.token_blacklist_blacklistedtoken OWNER TO mkj_user;

--
-- Name: token_blacklist_blacklistedtoken_id_seq; Type: SEQUENCE; Schema: public; Owner: mkj_user
--

ALTER TABLE public.token_blacklist_blacklistedtoken ALTER COLUMN id ADD GENERATED BY DEFAULT AS IDENTITY (
    SEQUENCE NAME public.token_blacklist_blacklistedtoken_id_seq
    START WITH 1
    INCREMENT BY 1
    NO MINVALUE
    NO MAXVALUE
    CACHE 1
);


--
-- Name: token_blacklist_outstandingtoken; Type: TABLE; Schema: public; Owner: mkj_user
--

CREATE TABLE public.token_blacklist_outstandingtoken (
    id bigint NOT NULL,
    token text NOT NULL,
    created_at timestamp with time zone,
    expires_at timestamp with time zone NOT NULL,
    user_id bigint,
    jti character varying(255) CONSTRAINT token_blacklist_outstandingtoken_jti_hex_not_null NOT NULL
);


ALTER TABLE public.token_blacklist_outstandingtoken OWNER TO mkj_user;

--
-- Name: token_blacklist_outstandingtoken_id_seq; Type: SEQUENCE; Schema: public; Owner: mkj_user
--

ALTER TABLE public.token_blacklist_outstandingtoken ALTER COLUMN id ADD GENERATED BY DEFAULT AS IDENTITY (
    SEQUENCE NAME public.token_blacklist_outstandingtoken_id_seq
    START WITH 1
    INCREMENT BY 1
    NO MINVALUE
    NO MAXVALUE
    CACHE 1
);


--
-- Data for Name: accounts_user; Type: TABLE DATA; Schema: public; Owner: mkj_user
--

COPY public.accounts_user (id, password, is_superuser, email, first_name, last_name, phone, role, county, profile_photo, is_active, is_staff, date_joined, last_login, is_suspended, must_change_password, assigned_discipline, sub_county) FROM stdin;
4	pbkdf2_sha256$1200000$i29Mi2mp0url488iyxskLB$WVMS8kOa2xPuU5jlDQRZS92PHOKitEGKLAvxiwUNiwQ=	f	kate@gmail.com	CATE	NDANU	+254789898989	team_manager	Makueni		t	f	2026-03-20 16:16:19.705+03	2026-03-20 16:17:13.625+03	f	f		Kaiti
5	pbkdf2_sha256$1200000$q3vu3F2Jb0zJTN0sPYYvBJ$pT6mUaDK8o3vKX6xN4RtoAEGlM0KICwAn8O3uGUYUhY=	f	vbm@gmail.com	Maingi	KOCHARE	+254789898989	team_manager	Makueni		t	f	2026-03-20 17:44:33.185+03	2026-03-20 17:46:58.909+03	f	f		Kaiti
6	pbkdf2_sha256$1200000$KrlHEoSCq0jTYK1gdxvSjC$AmfGbBhpd1hYhrtUyrE0R1LToGN3zVvNe7capRm36L8=	f	enigma@gmail.com	nick	mukula	+254789898989	coordinator	Makueni		t	f	2026-03-20 21:21:21.855+03	2026-03-21 22:49:09.522+03	f	f	football	
7	pbkdf2_sha256$1200000$n2LyvCrGOOASVG997RLGTz$Zkuj8ehhvftM62dgNRP+wkwJVcZLk2JXsBUd1ViW3mU=	f	joakim@gmail.com	Joachim	muthembwa	+254714345456	subcounty_sports_officer	Makueni		t	f	2026-03-20 21:56:52.634+03	2026-03-20 22:02:56.072+03	f	f		Kilome
8	pbkdf2_sha256$1200000$I7VlX5bC0Lit0pe9PfK4nU$Tw2ClpooPpXVLBgiMKiTvcbiOBS/1Dy61KdP+v0IvSk=	f	k.e@gmail.com	kibwezi	East	+254765654535	subcounty_sports_officer	Makueni		t	f	2026-03-21 22:56:23.112+03	2026-03-21 22:57:07.238+03	f	f		Kibwezi East
10	pbkdf2_sha256$1200000$oXHWGqmqJHSlUQ8lLyx6FZ$/SPMpLvZOqzVeae55YEKnHr3QicDAYo9trvMI5tuiGw=	f	e@gmail.com	ref	kama	+254789098762	referee	Makueni		t	f	2026-03-24 22:55:27.354756+03	2026-03-24 22:58:39.315538+03	f	f		
2	pbkdf2_sha256$1200000$NK4bP8cNGHkppMNwuomLZF$5bC8FUJ3hqN9S3hCFNy6DoAiG5j9Ktke7wUX1ZY+pXY=	f	romeo@gmail.com	romeo	ndelevi	+254704516788	subcounty_sports_officer	Makueni		t	f	2026-03-19 20:37:16.116+03	2026-03-23 10:27:03.178683+03	f	f		Kaiti
9	pbkdf2_sha256$1200000$HDDVSyWd31IpjygfswGiZW$YsFo8O88QkbNl6Iv9B1FsZEMvRxs0z3XyvlI8Mtjxms=	f	DEEE@gmail.com	paul	deee	+254789890976	scout	Makueni		t	f	2026-03-23 18:53:38.140977+03	2026-03-23 21:23:46.747274+03	f	f	handball	
3	pbkdf2_sha256$1200000$frHg25ugsTA3B4H2A87NAP$KweUz/dtm4nBGSXHEvdhSCja4AZZvCMbdgztG0uwJPs=	f	CHARLES@gmail.com	CHARLES	MUTHOKA	+254768689067	chief_sports_officer			t	f	2026-03-19 21:18:30.594+03	2026-03-23 21:26:51.211325+03	f	f		
1	pbkdf2_sha256$1200000$uwElx6DXH2uVdMduEtbu3i$CgiTyYK1TdZamR/aYkmNenffhtpA0bO5+tM7gEVDCdM=	t	admin.test@mkj.com	Admin	Test	+254700000000	admin			t	t	2026-03-19 17:02:24.42+03	2026-03-24 22:55:02.468508+03	f	f		
\.


--
-- Data for Name: accounts_user_groups; Type: TABLE DATA; Schema: public; Owner: mkj_user
--

COPY public.accounts_user_groups (id, user_id, group_id) FROM stdin;
\.


--
-- Data for Name: accounts_user_user_permissions; Type: TABLE DATA; Schema: public; Owner: mkj_user
--

COPY public.accounts_user_user_permissions (id, user_id, permission_id) FROM stdin;
\.


--
-- Data for Name: admin_dashboard_activitylog; Type: TABLE DATA; Schema: public; Owner: mkj_user
--

COPY public.admin_dashboard_activitylog (id, action, description, "timestamp", object_id, object_repr, ip_address, user_agent, extra_data, content_type_id, user_id, can_undo, is_undone, new_state, previous_state, undo_reason, undone_at, undone_by_id, changes_json) FROM stdin;
1	LOGIN	Failed login attempt for emhmanuh@gmail.com	2026-03-19 16:59:40.915+03	\N		127.0.0.1	Mozilla/5.0 (Windows NT 10.0; Win64; x64) AppleWebKit/537.36 (KHTML, like Gecko) Chrome/146.0.0.0 Safari/537.36	{"failed": true, "email_attempted": "emhmanuh@gmail.com"}	\N	\N	f	f	\N	\N		\N	\N	{}
2	LOGIN	Failed login attempt for emhmanuh@gmail.com	2026-03-19 16:59:49.458+03	\N		127.0.0.1	Mozilla/5.0 (Windows NT 10.0; Win64; x64) AppleWebKit/537.36 (KHTML, like Gecko) Chrome/146.0.0.0 Safari/537.36	{"failed": true, "email_attempted": "emhmanuh@gmail.com"}	\N	\N	f	f	\N	\N		\N	\N	{}
3	LOGIN	Failed login attempt for emhmanuh@gmail.com	2026-03-19 17:01:52.873+03	\N		127.0.0.1	Mozilla/5.0 (Windows NT 10.0; Win64; x64) AppleWebKit/537.36 (KHTML, like Gecko) Chrome/146.0.0.0 Safari/537.36	{"failed": true, "email_attempted": "emhmanuh@gmail.com"}	\N	\N	f	f	\N	\N		\N	\N	{}
4	LOGIN	Failed login attempt for emhmanuh@gmail.com	2026-03-19 17:02:01.538+03	\N		127.0.0.1	Mozilla/5.0 (Windows NT 10.0; Win64; x64) AppleWebKit/537.36 (KHTML, like Gecko) Chrome/146.0.0.0 Safari/537.36	{"failed": true, "email_attempted": "emhmanuh@gmail.com"}	\N	\N	f	f	\N	\N		\N	\N	{}
5	LOGIN	Admin Test (admin.test@mkj.com) logged in	2026-03-19 17:09:21.562+03	\N		127.0.0.1	Mozilla/5.0 (Windows NT 10.0; Win64; x64) AppleWebKit/537.36 (KHTML, like Gecko) Chrome/146.0.0.0 Safari/537.36	{}	\N	1	f	f	\N	\N		\N	\N	{}
6	LOGIN	Admin Test (admin.test@mkj.com) logged in	2026-03-19 17:22:19.274+03	\N		\N		{}	\N	1	f	f	\N	\N		\N	\N	{}
7	LOGIN	Admin Test (admin.test@mkj.com) logged in	2026-03-19 18:25:57.416+03	\N		\N		{}	\N	1	f	f	\N	\N		\N	\N	{}
8	LOGIN	Admin Test (admin.test@mkj.com) logged in	2026-03-19 18:27:53.257+03	\N		\N		{}	\N	1	f	f	\N	\N		\N	\N	{}
9	LOGOUT	Admin Test (admin.test@mkj.com) logged out	2026-03-19 18:42:23.268+03	\N		127.0.0.1	Mozilla/5.0 (Windows NT 10.0; Win64; x64) AppleWebKit/537.36 (KHTML, like Gecko) Chrome/146.0.0.0 Safari/537.36	{}	\N	1	f	f	\N	\N		\N	\N	{}
10	LOGIN	Admin Test (admin.test@mkj.com) logged in	2026-03-19 18:42:54.744+03	\N		127.0.0.1	Mozilla/5.0 (Windows NT 10.0; Win64; x64) AppleWebKit/537.36 (KHTML, like Gecko) Chrome/146.0.0.0 Safari/537.36	{}	\N	1	f	f	\N	\N		\N	\N	{}
11	LOGIN	Admin Test (admin.test@mkj.com) logged in	2026-03-19 20:36:04.586+03	\N		127.0.0.1	Mozilla/5.0 (Windows NT 10.0; Win64; x64) AppleWebKit/537.36 (KHTML, like Gecko) Chrome/146.0.0.0 Safari/537.36	{}	\N	1	f	f	\N	\N		\N	\N	{}
12	USER_CREATE	Admin Test created a new user account	2026-03-19 20:37:18.835+03	\N		127.0.0.1	Mozilla/5.0 (Windows NT 10.0; Win64; x64) AppleWebKit/537.36 (KHTML, like Gecko) Chrome/146.0.0.0 Safari/537.36	{}	\N	1	f	f	\N	\N		\N	\N	{"email": "romeo@gmail.com", "first_name": "romeo", "last_name": "ndelevi", "phone": "+254704516788", "role": "subcounty_sports_officer", "county": "Makueni", "sub_county": "Kaiti", "assigned_discipline": ""}
13	LOGOUT	Admin Test (admin.test@mkj.com) logged out	2026-03-19 20:38:01.315+03	\N		127.0.0.1	Mozilla/5.0 (Windows NT 10.0; Win64; x64) AppleWebKit/537.36 (KHTML, like Gecko) Chrome/146.0.0.0 Safari/537.36	{}	\N	1	f	f	\N	\N		\N	\N	{}
14	LOGIN	romeo ndelevi (romeo@gmail.com) logged in	2026-03-19 20:38:42.978+03	\N		127.0.0.1	Mozilla/5.0 (Windows NT 10.0; Win64; x64) AppleWebKit/537.36 (KHTML, like Gecko) Chrome/146.0.0.0 Safari/537.36	{}	\N	2	f	f	\N	\N		\N	\N	{}
15	LOGIN	romeo ndelevi (romeo@gmail.com) logged in	2026-03-19 20:38:55.069+03	\N		127.0.0.1	Mozilla/5.0 (Windows NT 10.0; Win64; x64) AppleWebKit/537.36 (KHTML, like Gecko) Chrome/146.0.0.0 Safari/537.36	{}	\N	2	f	f	\N	\N		\N	\N	{}
16	PASSWORD_CHANGE	romeo ndelevi changed/reset a password	2026-03-19 20:38:55.079+03	\N		127.0.0.1	Mozilla/5.0 (Windows NT 10.0; Win64; x64) AppleWebKit/537.36 (KHTML, like Gecko) Chrome/146.0.0.0 Safari/537.36	{}	\N	2	f	f	\N	\N		\N	\N	{"new_password": "eggSRw5qC8mO", "confirm_password": "eggSRw5qC8mO"}
17	PLAYER_CREATE	romeo ndelevi added a new player	2026-03-19 20:50:33.802+03	\N		127.0.0.1	Mozilla/5.0 (Windows NT 10.0; Win64; x64) AppleWebKit/537.36 (KHTML, like Gecko) Chrome/146.0.0.0 Safari/537.36	{}	\N	2	f	f	\N	\N		\N	\N	{"first_name": "JOY", "last_name": "KADEGE", "date_of_birth": "2004-10-02", "national_id_number": "5464546373773", "huduma_number": "", "phone": "344536", "position": "GJ", "jersey_number": "7"}
18	PLAYER_CREATE	romeo ndelevi added a new player	2026-03-19 20:50:59.07+03	\N		127.0.0.1	Mozilla/5.0 (Windows NT 10.0; Win64; x64) AppleWebKit/537.36 (KHTML, like Gecko) Chrome/146.0.0.0 Safari/537.36	{}	\N	2	f	f	\N	\N		\N	\N	{"first_name": "JOY", "last_name": "KADEGE", "date_of_birth": "2004-10-02", "national_id_number": "5464546373773", "huduma_number": "", "phone": "+254786546321", "position": "GJ", "jersey_number": "7"}
19	LOGOUT	romeo ndelevi (romeo@gmail.com) logged out	2026-03-19 21:08:50.701+03	\N		127.0.0.1	Mozilla/5.0 (Windows NT 10.0; Win64; x64) AppleWebKit/537.36 (KHTML, like Gecko) Chrome/146.0.0.0 Safari/537.36	{}	\N	2	f	f	\N	\N		\N	\N	{}
20	LOGIN	Admin Test (admin.test@mkj.com) logged in	2026-03-19 21:09:17.244+03	\N		127.0.0.1	Mozilla/5.0 (Windows NT 10.0; Win64; x64) AppleWebKit/537.36 (KHTML, like Gecko) Chrome/146.0.0.0 Safari/537.36	{}	\N	1	f	f	\N	\N		\N	\N	{}
21	USER_CREATE	Admin Test created a new user account	2026-03-19 21:18:33.175+03	\N		127.0.0.1	Mozilla/5.0 (Windows NT 10.0; Win64; x64) AppleWebKit/537.36 (KHTML, like Gecko) Chrome/146.0.0.0 Safari/537.36	{}	\N	1	f	f	\N	\N		\N	\N	{"email": "CHARLES@GMAIL.COM", "first_name": "CHARLES ", "last_name": "MUTHOKA", "phone": "+254768689067", "role": "chief_sports_officer", "county": "", "sub_county": "", "assigned_discipline": ""}
22	LOGOUT	Admin Test (admin.test@mkj.com) logged out	2026-03-19 21:18:53.584+03	\N		127.0.0.1	Mozilla/5.0 (Windows NT 10.0; Win64; x64) AppleWebKit/537.36 (KHTML, like Gecko) Chrome/146.0.0.0 Safari/537.36	{}	\N	1	f	f	\N	\N		\N	\N	{}
23	LOGIN	Failed login attempt for CHARLES@GMAIL.COM	2026-03-19 21:19:17.047+03	\N		127.0.0.1	Mozilla/5.0 (Windows NT 10.0; Win64; x64) AppleWebKit/537.36 (KHTML, like Gecko) Chrome/146.0.0.0 Safari/537.36	{"failed": true, "email_attempted": "CHARLES@GMAIL.COM"}	\N	\N	f	f	\N	\N		\N	\N	{}
24	LOGIN	Failed login attempt for CHARLES@GMAIL.COM	2026-03-19 21:19:32.87+03	\N		127.0.0.1	Mozilla/5.0 (Windows NT 10.0; Win64; x64) AppleWebKit/537.36 (KHTML, like Gecko) Chrome/146.0.0.0 Safari/537.36	{"failed": true, "email_attempted": "CHARLES@GMAIL.COM"}	\N	\N	f	f	\N	\N		\N	\N	{}
25	LOGIN	Failed login attempt for CHARLES@GMAIL.COM	2026-03-19 21:20:15.713+03	\N		127.0.0.1	Mozilla/5.0 (Windows NT 10.0; Win64; x64) AppleWebKit/537.36 (KHTML, like Gecko) Chrome/146.0.0.0 Safari/537.36	{"failed": true, "email_attempted": "CHARLES@GMAIL.COM"}	\N	\N	f	f	\N	\N		\N	\N	{}
26	LOGIN	Admin Test (admin.test@mkj.com) logged in	2026-03-19 21:20:30.73+03	\N		127.0.0.1	Mozilla/5.0 (Windows NT 10.0; Win64; x64) AppleWebKit/537.36 (KHTML, like Gecko) Chrome/146.0.0.0 Safari/537.36	{}	\N	1	f	f	\N	\N		\N	\N	{}
27	LOGOUT	Admin Test (admin.test@mkj.com) logged out	2026-03-19 21:21:04.129+03	\N		127.0.0.1	Mozilla/5.0 (Windows NT 10.0; Win64; x64) AppleWebKit/537.36 (KHTML, like Gecko) Chrome/146.0.0.0 Safari/537.36	{}	\N	1	f	f	\N	\N		\N	\N	{}
28	LOGIN	Failed login attempt for CHARLES@GMAIL.COM	2026-03-19 21:21:20.714+03	\N		127.0.0.1	Mozilla/5.0 (Windows NT 10.0; Win64; x64) AppleWebKit/537.36 (KHTML, like Gecko) Chrome/146.0.0.0 Safari/537.36	{"failed": true, "email_attempted": "CHARLES@GMAIL.COM"}	\N	\N	f	f	\N	\N		\N	\N	{}
29	LOGIN	Failed login attempt for CHARLES@Gmail.com	2026-03-19 21:22:01.32+03	\N		127.0.0.1	Mozilla/5.0 (Windows NT 10.0; Win64; x64) AppleWebKit/537.36 (KHTML, like Gecko) Chrome/146.0.0.0 Safari/537.36	{"failed": true, "email_attempted": "CHARLES@Gmail.com"}	\N	\N	f	f	\N	\N		\N	\N	{}
30	LOGIN	CHARLES MUTHOKA (CHARLES@gmail.com) logged in	2026-03-19 21:22:38.549+03	\N		127.0.0.1	Mozilla/5.0 (Windows NT 10.0; Win64; x64) AppleWebKit/537.36 (KHTML, like Gecko) Chrome/146.0.0.0 Safari/537.36	{}	\N	3	f	f	\N	\N		\N	\N	{}
31	LOGIN	CHARLES MUTHOKA (CHARLES@gmail.com) logged in	2026-03-19 21:22:58.625+03	\N		127.0.0.1	Mozilla/5.0 (Windows NT 10.0; Win64; x64) AppleWebKit/537.36 (KHTML, like Gecko) Chrome/146.0.0.0 Safari/537.36	{}	\N	3	f	f	\N	\N		\N	\N	{}
32	PASSWORD_CHANGE	CHARLES MUTHOKA changed/reset a password	2026-03-19 21:22:58.635+03	\N		127.0.0.1	Mozilla/5.0 (Windows NT 10.0; Win64; x64) AppleWebKit/537.36 (KHTML, like Gecko) Chrome/146.0.0.0 Safari/537.36	{}	\N	3	f	f	\N	\N		\N	\N	{"new_password": "CHARLES@gmail.com", "confirm_password": "CHARLES@gmail.com"}
33	PLAYER_UPDATE	Huduma check marked VERIFIED for county player JOY KADEGE (Football (Men) - Makueni)	2026-03-19 21:25:02.861+03	\N		\N		{}	\N	3	f	f	\N	\N		\N	\N	{}
34	PLAYER_UPDATE	FIFA Connect check marked CLEAR for county player JOY KADEGE (Football (Men) - Makueni)	2026-03-19 21:25:06.535+03	\N		\N		{}	\N	3	f	f	\N	\N		\N	\N	{}
35	PLAYER_UPDATE	County player JOY KADEGE verified (Football (Men) — Makueni)	2026-03-19 21:25:10.794+03	\N		\N		{}	\N	3	f	f	\N	\N		\N	\N	{}
36	LOGOUT	CHARLES MUTHOKA (CHARLES@gmail.com) logged out	2026-03-19 21:25:14.804+03	\N		127.0.0.1	Mozilla/5.0 (Windows NT 10.0; Win64; x64) AppleWebKit/537.36 (KHTML, like Gecko) Chrome/146.0.0.0 Safari/537.36	{}	\N	3	f	f	\N	\N		\N	\N	{}
37	LOGIN	romeo ndelevi (romeo@gmail.com) logged in	2026-03-19 21:25:26.925+03	\N		127.0.0.1	Mozilla/5.0 (Windows NT 10.0; Win64; x64) AppleWebKit/537.36 (KHTML, like Gecko) Chrome/146.0.0.0 Safari/537.36	{}	\N	2	f	f	\N	\N		\N	\N	{}
38	LOGOUT	romeo ndelevi (romeo@gmail.com) logged out	2026-03-20 08:53:57.811+03	\N		127.0.0.1	Mozilla/5.0 (Windows NT 10.0; Win64; x64) AppleWebKit/537.36 (KHTML, like Gecko) Chrome/146.0.0.0 Safari/537.36	{}	\N	2	f	f	\N	\N		\N	\N	{}
39	LOGIN	Admin Test (admin.test@mkj.com) logged in	2026-03-20 08:54:08.804+03	\N		127.0.0.1	Mozilla/5.0 (Windows NT 10.0; Win64; x64) AppleWebKit/537.36 (KHTML, like Gecko) Chrome/146.0.0.0 Safari/537.36	{}	\N	1	f	f	\N	\N		\N	\N	{}
40	LOGOUT	Admin Test (admin.test@mkj.com) logged out	2026-03-20 09:09:58.629+03	\N		127.0.0.1	Mozilla/5.0 (Windows NT 10.0; Win64; x64) AppleWebKit/537.36 (KHTML, like Gecko) Chrome/146.0.0.0 Safari/537.36	{}	\N	1	f	f	\N	\N		\N	\N	{}
41	LOGIN	Admin Test (admin.test@mkj.com) logged in	2026-03-20 09:10:59.344+03	\N		127.0.0.1	Mozilla/5.0 (Windows NT 10.0; Win64; x64) AppleWebKit/537.36 (KHTML, like Gecko) Chrome/146.0.0.0 Safari/537.36	{}	\N	1	f	f	\N	\N		\N	\N	{}
42	LOGOUT	Admin Test (admin.test@mkj.com) logged out	2026-03-20 12:59:02.926+03	\N		127.0.0.1	Mozilla/5.0 (Windows NT 10.0; Win64; x64) AppleWebKit/537.36 (KHTML, like Gecko) Chrome/146.0.0.0 Safari/537.36	{}	\N	1	f	f	\N	\N		\N	\N	{}
43	LOGIN	Admin Test (admin.test@mkj.com) logged in	2026-03-20 12:59:13.97+03	\N		127.0.0.1	Mozilla/5.0 (Windows NT 10.0; Win64; x64) AppleWebKit/537.36 (KHTML, like Gecko) Chrome/146.0.0.0 Safari/537.36	{}	\N	1	f	f	\N	\N		\N	\N	{}
44	LOGOUT	Admin Test (admin.test@mkj.com) logged out	2026-03-20 13:00:07.143+03	\N		127.0.0.1	Mozilla/5.0 (Windows NT 10.0; Win64; x64) AppleWebKit/537.36 (KHTML, like Gecko) Chrome/146.0.0.0 Safari/537.36	{}	\N	1	f	f	\N	\N		\N	\N	{}
45	LOGIN	romeo ndelevi (romeo@gmail.com) logged in	2026-03-20 13:00:17.275+03	\N		127.0.0.1	Mozilla/5.0 (Windows NT 10.0; Win64; x64) AppleWebKit/537.36 (KHTML, like Gecko) Chrome/146.0.0.0 Safari/537.36	{}	\N	2	f	f	\N	\N		\N	\N	{}
46	LOGOUT	romeo ndelevi (romeo@gmail.com) logged out	2026-03-20 13:16:52.998+03	\N		127.0.0.1	Mozilla/5.0 (Windows NT 10.0; Win64; x64) AppleWebKit/537.36 (KHTML, like Gecko) Chrome/146.0.0.0 Safari/537.36	{}	\N	2	f	f	\N	\N		\N	\N	{}
47	LOGIN	CHARLES MUTHOKA (CHARLES@gmail.com) logged in	2026-03-20 13:17:07.092+03	\N		127.0.0.1	Mozilla/5.0 (Windows NT 10.0; Win64; x64) AppleWebKit/537.36 (KHTML, like Gecko) Chrome/146.0.0.0 Safari/537.36	{}	\N	3	f	f	\N	\N		\N	\N	{}
48	LOGOUT	CHARLES MUTHOKA (CHARLES@gmail.com) logged out	2026-03-20 13:18:45.158+03	\N		127.0.0.1	Mozilla/5.0 (Windows NT 10.0; Win64; x64) AppleWebKit/537.36 (KHTML, like Gecko) Chrome/146.0.0.0 Safari/537.36	{}	\N	3	f	f	\N	\N		\N	\N	{}
49	LOGIN	Admin Test (admin.test@mkj.com) logged in	2026-03-20 13:18:57.989+03	\N		127.0.0.1	Mozilla/5.0 (Windows NT 10.0; Win64; x64) AppleWebKit/537.36 (KHTML, like Gecko) Chrome/146.0.0.0 Safari/537.36	{}	\N	1	f	f	\N	\N		\N	\N	{}
50	LOGOUT	Admin Test (admin.test@mkj.com) logged out	2026-03-20 13:21:55.009+03	\N		127.0.0.1	Mozilla/5.0 (Windows NT 10.0; Win64; x64) AppleWebKit/537.36 (KHTML, like Gecko) Chrome/146.0.0.0 Safari/537.36	{}	\N	1	f	f	\N	\N		\N	\N	{}
51	LOGIN	romeo ndelevi (romeo@gmail.com) logged in	2026-03-20 13:22:09.881+03	\N		127.0.0.1	Mozilla/5.0 (Windows NT 10.0; Win64; x64) AppleWebKit/537.36 (KHTML, like Gecko) Chrome/146.0.0.0 Safari/537.36	{}	\N	2	f	f	\N	\N		\N	\N	{}
52	LOGOUT	romeo ndelevi (romeo@gmail.com) logged out	2026-03-20 14:22:36.472+03	\N		127.0.0.1	Mozilla/5.0 (Windows NT 10.0; Win64; x64) AppleWebKit/537.36 (KHTML, like Gecko) Chrome/146.0.0.0 Safari/537.36	{}	\N	2	f	f	\N	\N		\N	\N	{}
53	LOGIN	Admin Test (admin.test@mkj.com) logged in	2026-03-20 14:23:50.025+03	\N		127.0.0.1	Mozilla/5.0 (Windows NT 10.0; Win64; x64) AppleWebKit/537.36 (KHTML, like Gecko) Chrome/146.0.0.0 Safari/537.36	{}	\N	1	f	f	\N	\N		\N	\N	{}
54	PLAYER_UPDATE	County player JOY KADEGE reset to pending (Football (Men) — Makueni)	2026-03-20 14:25:05.662+03	\N		\N		{}	\N	1	f	f	\N	\N		\N	\N	{}
55	LOGOUT	Admin Test (admin.test@mkj.com) logged out	2026-03-20 14:25:27.769+03	\N		127.0.0.1	Mozilla/5.0 (Windows NT 10.0; Win64; x64) AppleWebKit/537.36 (KHTML, like Gecko) Chrome/146.0.0.0 Safari/537.36	{}	\N	1	f	f	\N	\N		\N	\N	{}
56	LOGIN	romeo ndelevi (romeo@gmail.com) logged in	2026-03-20 14:25:50.703+03	\N		127.0.0.1	Mozilla/5.0 (Windows NT 10.0; Win64; x64) AppleWebKit/537.36 (KHTML, like Gecko) Chrome/146.0.0.0 Safari/537.36	{}	\N	2	f	f	\N	\N		\N	\N	{}
57	LOGIN	romeo ndelevi (romeo@gmail.com) logged in	2026-03-20 16:01:55.641+03	\N		127.0.0.1	Mozilla/5.0 (Windows NT 10.0; Win64; x64) AppleWebKit/537.36 (KHTML, like Gecko) Chrome/146.0.0.0 Safari/537.36	{}	\N	2	f	f	\N	\N		\N	\N	{}
58	LOGOUT	romeo ndelevi (romeo@gmail.com) logged out	2026-03-20 16:16:50.676+03	\N		127.0.0.1	Mozilla/5.0 (Windows NT 10.0; Win64; x64) AppleWebKit/537.36 (KHTML, like Gecko) Chrome/146.0.0.0 Safari/537.36	{}	\N	2	f	f	\N	\N		\N	\N	{}
59	LOGIN	CATE NDANU (kate@gmail.com) logged in	2026-03-20 16:17:03.903+03	\N		127.0.0.1	Mozilla/5.0 (Windows NT 10.0; Win64; x64) AppleWebKit/537.36 (KHTML, like Gecko) Chrome/146.0.0.0 Safari/537.36	{}	\N	4	f	f	\N	\N		\N	\N	{}
60	LOGIN	CATE NDANU (kate@gmail.com) logged in	2026-03-20 16:17:13.638+03	\N		127.0.0.1	Mozilla/5.0 (Windows NT 10.0; Win64; x64) AppleWebKit/537.36 (KHTML, like Gecko) Chrome/146.0.0.0 Safari/537.36	{}	\N	4	f	f	\N	\N		\N	\N	{}
61	PASSWORD_CHANGE	CATE NDANU changed/reset a password	2026-03-20 16:17:13.649+03	\N		127.0.0.1	Mozilla/5.0 (Windows NT 10.0; Win64; x64) AppleWebKit/537.36 (KHTML, like Gecko) Chrome/146.0.0.0 Safari/537.36	{}	\N	4	f	f	\N	\N		\N	\N	{"new_password": "fgA9RVixxyQL", "confirm_password": "fgA9RVixxyQL"}
62	LOGOUT	CATE NDANU (kate@gmail.com) logged out	2026-03-20 17:19:27.687+03	\N		127.0.0.1	Mozilla/5.0 (Windows NT 10.0; Win64; x64) AppleWebKit/537.36 (KHTML, like Gecko) Chrome/146.0.0.0 Safari/537.36	{}	\N	4	f	f	\N	\N		\N	\N	{}
63	LOGIN	romeo ndelevi (romeo@gmail.com) logged in	2026-03-20 17:19:38.054+03	\N		127.0.0.1	Mozilla/5.0 (Windows NT 10.0; Win64; x64) AppleWebKit/537.36 (KHTML, like Gecko) Chrome/146.0.0.0 Safari/537.36	{}	\N	2	f	f	\N	\N		\N	\N	{}
64	PLAYER_CREATE	romeo ndelevi added a new player	2026-03-20 17:21:21.122+03	\N		127.0.0.1	Mozilla/5.0 (Windows NT 10.0; Win64; x64) AppleWebKit/537.36 (KHTML, like Gecko) Chrome/146.0.0.0 Safari/537.36	{}	\N	2	f	f	\N	\N		\N	\N	{"first_name": "mike", "last_name": "muendo", "date_of_birth": "2003-01-02", "national_id_number": "67676767676767676767", "huduma_number": "", "phone": "", "position": "cm", "jersey_number": ""}
65	PLAYER_CREATE	romeo ndelevi added a new player	2026-03-20 17:21:42.477+03	\N		127.0.0.1	Mozilla/5.0 (Windows NT 10.0; Win64; x64) AppleWebKit/537.36 (KHTML, like Gecko) Chrome/146.0.0.0 Safari/537.36	{}	\N	2	f	f	\N	\N		\N	\N	{"first_name": "mike", "last_name": "muendo", "date_of_birth": "2003-01-02", "national_id_number": "67676767", "huduma_number": "", "phone": "0704517498", "position": "cm", "jersey_number": ""}
66	LOGOUT	romeo ndelevi (romeo@gmail.com) logged out	2026-03-20 17:22:09.771+03	\N		127.0.0.1	Mozilla/5.0 (Windows NT 10.0; Win64; x64) AppleWebKit/537.36 (KHTML, like Gecko) Chrome/146.0.0.0 Safari/537.36	{}	\N	2	f	f	\N	\N		\N	\N	{}
67	LOGIN	Admin Test (admin.test@mkj.com) logged in	2026-03-20 17:22:20.217+03	\N		127.0.0.1	Mozilla/5.0 (Windows NT 10.0; Win64; x64) AppleWebKit/537.36 (KHTML, like Gecko) Chrome/146.0.0.0 Safari/537.36	{}	\N	1	f	f	\N	\N		\N	\N	{}
68	PLAYER_UPDATE	Huduma check marked VERIFIED for county player mike muendo (Football (Men) - Makueni)	2026-03-20 17:22:55.81+03	\N		\N		{}	\N	1	f	f	\N	\N		\N	\N	{}
69	PLAYER_UPDATE	FIFA Connect check marked CLEAR for county player mike muendo (Football (Men) - Makueni)	2026-03-20 17:23:04.236+03	\N		\N		{}	\N	1	f	f	\N	\N		\N	\N	{}
70	PLAYER_UPDATE	County player mike muendo verified (Football (Men) — Makueni)	2026-03-20 17:23:21.673+03	\N		\N		{}	\N	1	f	f	\N	\N		\N	\N	{}
71	LOGOUT	Admin Test (admin.test@mkj.com) logged out	2026-03-20 17:41:35.36+03	\N		127.0.0.1	Mozilla/5.0 (Windows NT 10.0; Win64; x64) AppleWebKit/537.36 (KHTML, like Gecko) Chrome/146.0.0.0 Safari/537.36	{}	\N	1	f	f	\N	\N		\N	\N	{}
72	LOGIN	romeo ndelevi (romeo@gmail.com) logged in	2026-03-20 17:41:47.612+03	\N		127.0.0.1	Mozilla/5.0 (Windows NT 10.0; Win64; x64) AppleWebKit/537.36 (KHTML, like Gecko) Chrome/146.0.0.0 Safari/537.36	{}	\N	2	f	f	\N	\N		\N	\N	{}
73	LOGOUT	romeo ndelevi (romeo@gmail.com) logged out	2026-03-20 17:46:37.772+03	\N		127.0.0.1	Mozilla/5.0 (Windows NT 10.0; Win64; x64) AppleWebKit/537.36 (KHTML, like Gecko) Chrome/146.0.0.0 Safari/537.36	{}	\N	2	f	f	\N	\N		\N	\N	{}
74	LOGIN	Maingi KOCHARE (vbm@gmail.com) logged in	2026-03-20 17:46:50.986+03	\N		127.0.0.1	Mozilla/5.0 (Windows NT 10.0; Win64; x64) AppleWebKit/537.36 (KHTML, like Gecko) Chrome/146.0.0.0 Safari/537.36	{}	\N	5	f	f	\N	\N		\N	\N	{}
75	LOGIN	Maingi KOCHARE (vbm@gmail.com) logged in	2026-03-20 17:46:58.915+03	\N		127.0.0.1	Mozilla/5.0 (Windows NT 10.0; Win64; x64) AppleWebKit/537.36 (KHTML, like Gecko) Chrome/146.0.0.0 Safari/537.36	{}	\N	5	f	f	\N	\N		\N	\N	{}
76	PASSWORD_CHANGE	Maingi KOCHARE changed/reset a password	2026-03-20 17:46:58.924+03	\N		127.0.0.1	Mozilla/5.0 (Windows NT 10.0; Win64; x64) AppleWebKit/537.36 (KHTML, like Gecko) Chrome/146.0.0.0 Safari/537.36	{}	\N	5	f	f	\N	\N		\N	\N	{"new_password": "aTHTiuUJDAQr", "confirm_password": "aTHTiuUJDAQr"}
77	LOGOUT	Maingi KOCHARE (vbm@gmail.com) logged out	2026-03-20 19:14:23.987+03	\N		127.0.0.1	Mozilla/5.0 (Windows NT 10.0; Win64; x64) AppleWebKit/537.36 (KHTML, like Gecko) Chrome/146.0.0.0 Safari/537.36	{}	\N	5	f	f	\N	\N		\N	\N	{}
78	LOGIN	romeo ndelevi (romeo@gmail.com) logged in	2026-03-20 19:14:35.853+03	\N		127.0.0.1	Mozilla/5.0 (Windows NT 10.0; Win64; x64) AppleWebKit/537.36 (KHTML, like Gecko) Chrome/146.0.0.0 Safari/537.36	{}	\N	2	f	f	\N	\N		\N	\N	{}
79	LOGOUT	romeo ndelevi (romeo@gmail.com) logged out	2026-03-20 21:15:16.72+03	\N		127.0.0.1	Mozilla/5.0 (Windows NT 10.0; Win64; x64) AppleWebKit/537.36 (KHTML, like Gecko) Chrome/146.0.0.0 Safari/537.36	{}	\N	2	f	f	\N	\N		\N	\N	{}
80	LOGIN	Admin Test (admin.test@mkj.com) logged in	2026-03-20 21:15:26.152+03	\N		127.0.0.1	Mozilla/5.0 (Windows NT 10.0; Win64; x64) AppleWebKit/537.36 (KHTML, like Gecko) Chrome/146.0.0.0 Safari/537.36	{}	\N	1	f	f	\N	\N		\N	\N	{}
81	USER_CREATE	Admin Test created a new user account	2026-03-20 21:19:50.438+03	\N		127.0.0.1	Mozilla/5.0 (Windows NT 10.0; Win64; x64) AppleWebKit/537.36 (KHTML, like Gecko) Chrome/146.0.0.0 Safari/537.36	{}	\N	1	f	f	\N	\N		\N	\N	{"email": "gladys@gmail.com", "first_name": "gladys", "last_name": " kinyili", "phone": "789898989", "role": "subcounty_sports_officer", "county": "", "sub_county": "makueni", "assigned_discipline": ""}
82	USER_CREATE	Admin Test created a new user account	2026-03-20 21:21:24.767+03	\N		127.0.0.1	Mozilla/5.0 (Windows NT 10.0; Win64; x64) AppleWebKit/537.36 (KHTML, like Gecko) Chrome/146.0.0.0 Safari/537.36	{}	\N	1	f	f	\N	\N		\N	\N	{"email": "enigma@gmail.com", "first_name": "nick", "last_name": "mukula", "phone": "789898989", "role": "coordinator", "county": "", "sub_county": "", "assigned_discipline": "football"}
83	LOGOUT	Admin Test (admin.test@mkj.com) logged out	2026-03-20 21:21:41.003+03	\N		127.0.0.1	Mozilla/5.0 (Windows NT 10.0; Win64; x64) AppleWebKit/537.36 (KHTML, like Gecko) Chrome/146.0.0.0 Safari/537.36	{}	\N	1	f	f	\N	\N		\N	\N	{}
84	LOGIN	nick mukula (enigma@gmail.com) logged in	2026-03-20 21:21:53.475+03	\N		127.0.0.1	Mozilla/5.0 (Windows NT 10.0; Win64; x64) AppleWebKit/537.36 (KHTML, like Gecko) Chrome/146.0.0.0 Safari/537.36	{}	\N	6	f	f	\N	\N		\N	\N	{}
85	LOGIN	nick mukula (enigma@gmail.com) logged in	2026-03-20 21:22:02.516+03	\N		127.0.0.1	Mozilla/5.0 (Windows NT 10.0; Win64; x64) AppleWebKit/537.36 (KHTML, like Gecko) Chrome/146.0.0.0 Safari/537.36	{}	\N	6	f	f	\N	\N		\N	\N	{}
86	PASSWORD_CHANGE	nick mukula changed/reset a password	2026-03-20 21:22:02.529+03	\N		127.0.0.1	Mozilla/5.0 (Windows NT 10.0; Win64; x64) AppleWebKit/537.36 (KHTML, like Gecko) Chrome/146.0.0.0 Safari/537.36	{}	\N	6	f	f	\N	\N		\N	\N	{"new_password": "8NUtK1OIQXUC", "confirm_password": "8NUtK1OIQXUC"}
87	LOGOUT	nick mukula (enigma@gmail.com) logged out	2026-03-20 21:48:47.508+03	\N		127.0.0.1	Mozilla/5.0 (Windows NT 10.0; Win64; x64) AppleWebKit/537.36 (KHTML, like Gecko) Chrome/146.0.0.0 Safari/537.36	{}	\N	6	f	f	\N	\N		\N	\N	{}
88	LOGIN	Admin Test (admin.test@mkj.com) logged in	2026-03-20 21:48:57.005+03	\N		127.0.0.1	Mozilla/5.0 (Windows NT 10.0; Win64; x64) AppleWebKit/537.36 (KHTML, like Gecko) Chrome/146.0.0.0 Safari/537.36	{}	\N	1	f	f	\N	\N		\N	\N	{}
89	USER_CREATE	Admin Test created a new user account	2026-03-20 21:56:56.051+03	\N		127.0.0.1	Mozilla/5.0 (Windows NT 10.0; Win64; x64) AppleWebKit/537.36 (KHTML, like Gecko) Chrome/146.0.0.0 Safari/537.36	{}	\N	1	f	f	\N	\N		\N	\N	{"email": "joakim@gmail.com", "first_name": "Joachim", "last_name": "muthembwa", "phone": "714345456", "role": "subcounty_sports_officer", "county": "Makueni", "sub_county": "Kilome", "assigned_discipline": ""}
90	USER_CREATE	Admin Test created a new user account	2026-03-20 21:56:56.538+03	\N		127.0.0.1	Mozilla/5.0 (Windows NT 10.0; Win64; x64) AppleWebKit/537.36 (KHTML, like Gecko) Chrome/146.0.0.0 Safari/537.36	{}	\N	1	f	f	\N	\N		\N	\N	{"email": "joakim@gmail.com", "first_name": "Joachim", "last_name": "muthembwa", "phone": "714345456", "role": "subcounty_sports_officer", "county": "Makueni", "sub_county": "Kilome", "assigned_discipline": ""}
91	LOGOUT	Admin Test (admin.test@mkj.com) logged out	2026-03-20 21:58:29.533+03	\N		127.0.0.1	Mozilla/5.0 (Windows NT 10.0; Win64; x64) AppleWebKit/537.36 (KHTML, like Gecko) Chrome/146.0.0.0 Safari/537.36	{}	\N	1	f	f	\N	\N		\N	\N	{}
92	LOGIN	Joachim muthembwa (joakim@gmail.com) logged in	2026-03-20 21:58:41.847+03	\N		127.0.0.1	Mozilla/5.0 (Windows NT 10.0; Win64; x64) AppleWebKit/537.36 (KHTML, like Gecko) Chrome/146.0.0.0 Safari/537.36	{}	\N	7	f	f	\N	\N		\N	\N	{}
93	LOGIN	Joachim muthembwa (joakim@gmail.com) logged in	2026-03-20 21:58:50.589+03	\N		127.0.0.1	Mozilla/5.0 (Windows NT 10.0; Win64; x64) AppleWebKit/537.36 (KHTML, like Gecko) Chrome/146.0.0.0 Safari/537.36	{}	\N	7	f	f	\N	\N		\N	\N	{}
94	PASSWORD_CHANGE	Joachim muthembwa changed/reset a password	2026-03-20 21:58:50.604+03	\N		127.0.0.1	Mozilla/5.0 (Windows NT 10.0; Win64; x64) AppleWebKit/537.36 (KHTML, like Gecko) Chrome/146.0.0.0 Safari/537.36	{}	\N	7	f	f	\N	\N		\N	\N	{"new_password": "klCDqqKUAxnP", "confirm_password": "klCDqqKUAxnP"}
95	PLAYER_CREATE	Joachim muthembwa added a new player	2026-03-20 22:00:41.425+03	\N		127.0.0.1	Mozilla/5.0 (Windows NT 10.0; Win64; x64) AppleWebKit/537.36 (KHTML, like Gecko) Chrome/146.0.0.0 Safari/537.36	{}	\N	7	f	f	\N	\N		\N	\N	{"first_name": "ken ", "last_name": "katana", "date_of_birth": "2002-12-31", "national_id_number": "3454657363", "huduma_number": "", "phone": "765654332", "sub_county": "Kilome", "ward": "", "position": "gk", "jersey_number": "6"}
96	LOGOUT	Joachim muthembwa (joakim@gmail.com) logged out	2026-03-20 22:01:31.381+03	\N		127.0.0.1	Mozilla/5.0 (Windows NT 10.0; Win64; x64) AppleWebKit/537.36 (KHTML, like Gecko) Chrome/146.0.0.0 Safari/537.36	{}	\N	7	f	f	\N	\N		\N	\N	{}
97	LOGIN	CHARLES MUTHOKA (CHARLES@gmail.com) logged in	2026-03-20 22:01:40.89+03	\N		127.0.0.1	Mozilla/5.0 (Windows NT 10.0; Win64; x64) AppleWebKit/537.36 (KHTML, like Gecko) Chrome/146.0.0.0 Safari/537.36	{}	\N	3	f	f	\N	\N		\N	\N	{}
98	PLAYER_UPDATE	Huduma check marked VERIFIED for county player ken katana (Soccer (Men) - Makueni)	2026-03-20 22:02:09.242+03	\N		\N		{}	\N	3	f	f	\N	\N		\N	\N	{}
99	PLAYER_UPDATE	Huduma check marked VERIFIED for county player ken katana (Soccer (Men) - Makueni)	2026-03-20 22:02:11.501+03	\N		\N		{}	\N	3	f	f	\N	\N		\N	\N	{}
100	PLAYER_UPDATE	FIFA Connect check marked CLEAR for county player ken katana (Soccer (Men) - Makueni)	2026-03-20 22:02:13.505+03	\N		\N		{}	\N	3	f	f	\N	\N		\N	\N	{}
101	PLAYER_UPDATE	County player ken katana verified (Soccer (Men) — Makueni)	2026-03-20 22:02:24.337+03	\N		\N		{}	\N	3	f	f	\N	\N		\N	\N	{}
102	LOGOUT	CHARLES MUTHOKA (CHARLES@gmail.com) logged out	2026-03-20 22:02:33.99+03	\N		127.0.0.1	Mozilla/5.0 (Windows NT 10.0; Win64; x64) AppleWebKit/537.36 (KHTML, like Gecko) Chrome/146.0.0.0 Safari/537.36	{}	\N	3	f	f	\N	\N		\N	\N	{}
103	LOGIN	Joachim muthembwa (joakim@gmail.com) logged in	2026-03-20 22:02:56.081+03	\N		127.0.0.1	Mozilla/5.0 (Windows NT 10.0; Win64; x64) AppleWebKit/537.36 (KHTML, like Gecko) Chrome/146.0.0.0 Safari/537.36	{}	\N	7	f	f	\N	\N		\N	\N	{}
104	LOGOUT	Joachim muthembwa (joakim@gmail.com) logged out	2026-03-20 22:07:11.564+03	\N		127.0.0.1	Mozilla/5.0 (Windows NT 10.0; Win64; x64) AppleWebKit/537.36 (KHTML, like Gecko) Chrome/146.0.0.0 Safari/537.36	{}	\N	7	f	f	\N	\N		\N	\N	{}
105	LOGIN	nick mukula (enigma@gmail.com) logged in	2026-03-20 22:07:38.435+03	\N		127.0.0.1	Mozilla/5.0 (Windows NT 10.0; Win64; x64) AppleWebKit/537.36 (KHTML, like Gecko) Chrome/146.0.0.0 Safari/537.36	{}	\N	6	f	f	\N	\N		\N	\N	{}
106	COMPETITION_CREATED	nick mukula created competition: mkj supa cup	2026-03-20 22:27:44.082+03	\N	mkj supa cup (2026)	127.0.0.1		{}	\N	6	f	f	\N	\N		\N	\N	{}
107	LOGIN	nick mukula (enigma@gmail.com) logged in	2026-03-21 22:49:09.536+03	\N		127.0.0.1	Mozilla/5.0 (Windows NT 10.0; Win64; x64) AppleWebKit/537.36 (KHTML, like Gecko) Chrome/146.0.0.0 Safari/537.36	{}	\N	6	f	f	\N	\N		\N	\N	{}
108	LOGOUT	nick mukula (enigma@gmail.com) logged out	2026-03-21 22:55:33.417+03	\N		127.0.0.1	Mozilla/5.0 (Windows NT 10.0; Win64; x64) AppleWebKit/537.36 (KHTML, like Gecko) Chrome/146.0.0.0 Safari/537.36	{}	\N	6	f	f	\N	\N		\N	\N	{}
109	LOGIN	Admin Test (admin.test@mkj.com) logged in	2026-03-21 22:55:46.095+03	\N		127.0.0.1	Mozilla/5.0 (Windows NT 10.0; Win64; x64) AppleWebKit/537.36 (KHTML, like Gecko) Chrome/146.0.0.0 Safari/537.36	{}	\N	1	f	f	\N	\N		\N	\N	{}
110	USER_CREATE	Admin Test created a new user account	2026-03-21 22:56:24.425+03	\N		127.0.0.1	Mozilla/5.0 (Windows NT 10.0; Win64; x64) AppleWebKit/537.36 (KHTML, like Gecko) Chrome/146.0.0.0 Safari/537.36	{}	\N	1	f	f	\N	\N		\N	\N	{"email": "k.e@gmail.com", "first_name": "kibwezi ", "last_name": "East ", "phone": "765654535", "role": "subcounty_sports_officer", "county": "Makueni", "sub_county": "Kibwezi East", "assigned_discipline": ""}
111	LOGOUT	Admin Test (admin.test@mkj.com) logged out	2026-03-21 22:56:47.206+03	\N		127.0.0.1	Mozilla/5.0 (Windows NT 10.0; Win64; x64) AppleWebKit/537.36 (KHTML, like Gecko) Chrome/146.0.0.0 Safari/537.36	{}	\N	1	f	f	\N	\N		\N	\N	{}
112	LOGIN	kibwezi East (k.e@gmail.com) logged in	2026-03-21 22:56:59.272+03	\N		127.0.0.1	Mozilla/5.0 (Windows NT 10.0; Win64; x64) AppleWebKit/537.36 (KHTML, like Gecko) Chrome/146.0.0.0 Safari/537.36	{}	\N	8	f	f	\N	\N		\N	\N	{}
113	LOGIN	kibwezi East (k.e@gmail.com) logged in	2026-03-21 22:57:07.245+03	\N		127.0.0.1	Mozilla/5.0 (Windows NT 10.0; Win64; x64) AppleWebKit/537.36 (KHTML, like Gecko) Chrome/146.0.0.0 Safari/537.36	{}	\N	8	f	f	\N	\N		\N	\N	{}
114	PASSWORD_CHANGE	kibwezi East changed/reset a password	2026-03-21 22:57:07.255+03	\N		127.0.0.1	Mozilla/5.0 (Windows NT 10.0; Win64; x64) AppleWebKit/537.36 (KHTML, like Gecko) Chrome/146.0.0.0 Safari/537.36	{}	\N	8	f	f	\N	\N		\N	\N	{"new_password": "zIAnkD0oVEK0", "confirm_password": "zIAnkD0oVEK0"}
115	LOGOUT	kibwezi East (k.e@gmail.com) logged out	2026-03-22 09:36:27.056+03	\N		127.0.0.1	Mozilla/5.0 (Windows NT 10.0; Win64; x64) AppleWebKit/537.36 (KHTML, like Gecko) Chrome/146.0.0.0 Safari/537.36	{}	\N	8	f	f	\N	\N		\N	\N	{}
116	LOGIN	Admin Test (admin.test@mkj.com) logged in	2026-03-22 09:36:38.135+03	\N		127.0.0.1	Mozilla/5.0 (Windows NT 10.0; Win64; x64) AppleWebKit/537.36 (KHTML, like Gecko) Chrome/146.0.0.0 Safari/537.36	{}	\N	1	f	f	\N	\N		\N	\N	{}
117	LOGOUT	Admin Test (admin.test@mkj.com) logged out	2026-03-22 09:36:40.543+03	\N		127.0.0.1	Mozilla/5.0 (Windows NT 10.0; Win64; x64) AppleWebKit/537.36 (KHTML, like Gecko) Chrome/146.0.0.0 Safari/537.36	{}	\N	1	f	f	\N	\N		\N	\N	{}
118	LOGIN	Failed login attempt for mkj_supacup	2026-03-22 09:37:41.995+03	\N		127.0.0.1	Mozilla/5.0 (Windows NT 10.0; Win64; x64) AppleWebKit/537.36 (KHTML, like Gecko) Chrome/146.0.0.0 Safari/537.36	{"failed": true, "email_attempted": "mkj_supacup"}	\N	\N	f	f	\N	\N		\N	\N	{}
119	LOGIN	Failed login attempt for emhmanuh@gmail.com	2026-03-22 09:45:51.592+03	\N		127.0.0.1	Mozilla/5.0 (Windows NT 10.0; Win64; x64) AppleWebKit/537.36 (KHTML, like Gecko) Chrome/146.0.0.0 Safari/537.36	{"failed": true, "email_attempted": "emhmanuh@gmail.com"}	\N	\N	f	f	\N	\N		\N	\N	{}
120	LOGIN	Admin Test (admin.test@mkj.com) logged in	2026-03-23 10:25:44.891977+03	\N		127.0.0.1	Mozilla/5.0 (Windows NT 10.0; Win64; x64) AppleWebKit/537.36 (KHTML, like Gecko) Chrome/146.0.0.0 Safari/537.36	{}	\N	1	f	f	\N	\N		\N	\N	{}
121	LOGOUT	Admin Test (admin.test@mkj.com) logged out	2026-03-23 10:25:47.495057+03	\N		127.0.0.1	Mozilla/5.0 (Windows NT 10.0; Win64; x64) AppleWebKit/537.36 (KHTML, like Gecko) Chrome/146.0.0.0 Safari/537.36	{}	\N	1	f	f	\N	\N		\N	\N	{}
122	LOGIN	Admin Test (admin.test@mkj.com) logged in	2026-03-23 10:25:53.02322+03	\N		127.0.0.1	Mozilla/5.0 (Windows NT 10.0; Win64; x64) AppleWebKit/537.36 (KHTML, like Gecko) Chrome/146.0.0.0 Safari/537.36	{}	\N	1	f	f	\N	\N		\N	\N	{}
123	LOGOUT	Admin Test (admin.test@mkj.com) logged out	2026-03-23 10:26:49.348854+03	\N		127.0.0.1	Mozilla/5.0 (Windows NT 10.0; Win64; x64) AppleWebKit/537.36 (KHTML, like Gecko) Chrome/146.0.0.0 Safari/537.36	{}	\N	1	f	f	\N	\N		\N	\N	{}
124	LOGIN	romeo ndelevi (romeo@gmail.com) logged in	2026-03-23 10:27:03.180548+03	\N		127.0.0.1	Mozilla/5.0 (Windows NT 10.0; Win64; x64) AppleWebKit/537.36 (KHTML, like Gecko) Chrome/146.0.0.0 Safari/537.36	{}	\N	2	f	f	\N	\N		\N	\N	{}
125	LOGIN	Admin Test (admin.test@mkj.com) logged in	2026-03-23 18:52:24.428078+03	\N		127.0.0.1	Mozilla/5.0 (Windows NT 10.0; Win64; x64) AppleWebKit/537.36 (KHTML, like Gecko) Chrome/146.0.0.0 Safari/537.36	{}	\N	1	f	f	\N	\N		\N	\N	{}
126	LOGIN	Admin Test (admin.test@mkj.com) logged in	2026-03-23 18:52:51.032715+03	\N		127.0.0.1	Mozilla/5.0 (Windows NT 10.0; Win64; x64) AppleWebKit/537.36 (KHTML, like Gecko) Chrome/146.0.0.0 Safari/537.36	{}	\N	1	f	f	\N	\N		\N	\N	{}
127	USER_CREATE	Admin Test created a new user account	2026-03-23 18:53:39.355733+03	\N		127.0.0.1	Mozilla/5.0 (Windows NT 10.0; Win64; x64) AppleWebKit/537.36 (KHTML, like Gecko) Chrome/146.0.0.0 Safari/537.36	{}	\N	1	f	f	\N	\N		\N	\N	{"email": "DEEE@gmail.com", "first_name": "paul ", "last_name": "deee", "phone": "789890976", "role": "scout", "county": "Makueni", "sub_county": "", "assigned_discipline": "handball"}
128	LOGOUT	Admin Test (admin.test@mkj.com) logged out	2026-03-23 18:53:58.224097+03	\N		127.0.0.1	Mozilla/5.0 (Windows NT 10.0; Win64; x64) AppleWebKit/537.36 (KHTML, like Gecko) Chrome/146.0.0.0 Safari/537.36	{}	\N	1	f	f	\N	\N		\N	\N	{}
129	LOGIN	Failed login attempt for DEE@GMAIL.COM	2026-03-23 18:54:15.181263+03	\N		127.0.0.1	Mozilla/5.0 (Windows NT 10.0; Win64; x64) AppleWebKit/537.36 (KHTML, like Gecko) Chrome/146.0.0.0 Safari/537.36	{"failed": true, "email_attempted": "DEE@GMAIL.COM"}	\N	\N	f	f	\N	\N		\N	\N	{}
130	LOGIN	Failed login attempt for DEEE@GMAIL.COM	2026-03-23 18:54:31.372016+03	\N		127.0.0.1	Mozilla/5.0 (Windows NT 10.0; Win64; x64) AppleWebKit/537.36 (KHTML, like Gecko) Chrome/146.0.0.0 Safari/537.36	{"failed": true, "email_attempted": "DEEE@GMAIL.COM"}	\N	\N	f	f	\N	\N		\N	\N	{}
131	LOGIN	Admin Test (admin.test@mkj.com) logged in	2026-03-23 18:55:14.938612+03	\N		127.0.0.1	Mozilla/5.0 (Windows NT 10.0; Win64; x64) AppleWebKit/537.36 (KHTML, like Gecko) Chrome/146.0.0.0 Safari/537.36	{}	\N	1	f	f	\N	\N		\N	\N	{}
132	LOGOUT	Admin Test (admin.test@mkj.com) logged out	2026-03-23 18:55:57.37372+03	\N		127.0.0.1	Mozilla/5.0 (Windows NT 10.0; Win64; x64) AppleWebKit/537.36 (KHTML, like Gecko) Chrome/146.0.0.0 Safari/537.36	{}	\N	1	f	f	\N	\N		\N	\N	{}
133	LOGIN	Failed login attempt for DEEE@GMAIL.COM	2026-03-23 18:56:09.546821+03	\N		127.0.0.1	Mozilla/5.0 (Windows NT 10.0; Win64; x64) AppleWebKit/537.36 (KHTML, like Gecko) Chrome/146.0.0.0 Safari/537.36	{"failed": true, "email_attempted": "DEEE@GMAIL.COM"}	\N	\N	f	f	\N	\N		\N	\N	{}
134	LOGIN	Failed login attempt for DEEE@GMAIL.COM	2026-03-23 18:56:26.232234+03	\N		127.0.0.1	Mozilla/5.0 (Windows NT 10.0; Win64; x64) AppleWebKit/537.36 (KHTML, like Gecko) Chrome/146.0.0.0 Safari/537.36	{"failed": true, "email_attempted": "DEEE@GMAIL.COM"}	\N	\N	f	f	\N	\N		\N	\N	{}
135	LOGIN	Failed login attempt for DEEE@GMAIL.COM	2026-03-23 18:56:58.764451+03	\N		127.0.0.1	Mozilla/5.0 (Windows NT 10.0; Win64; x64) AppleWebKit/537.36 (KHTML, like Gecko) Chrome/146.0.0.0 Safari/537.36	{"failed": true, "email_attempted": "DEEE@GMAIL.COM"}	\N	\N	f	f	\N	\N		\N	\N	{}
136	LOGIN	Failed login attempt for deee@gmail.com	2026-03-23 18:57:11.933666+03	\N		127.0.0.1	Mozilla/5.0 (Windows NT 10.0; Win64; x64) AppleWebKit/537.36 (KHTML, like Gecko) Chrome/146.0.0.0 Safari/537.36	{"failed": true, "email_attempted": "deee@gmail.com"}	\N	\N	f	f	\N	\N		\N	\N	{}
137	LOGIN	Admin Test (admin.test@mkj.com) logged in	2026-03-23 18:57:29.079639+03	\N		127.0.0.1	Mozilla/5.0 (Windows NT 10.0; Win64; x64) AppleWebKit/537.36 (KHTML, like Gecko) Chrome/146.0.0.0 Safari/537.36	{}	\N	1	f	f	\N	\N		\N	\N	{}
138	LOGOUT	Admin Test (admin.test@mkj.com) logged out	2026-03-23 18:58:11.602223+03	\N		127.0.0.1	Mozilla/5.0 (Windows NT 10.0; Win64; x64) AppleWebKit/537.36 (KHTML, like Gecko) Chrome/146.0.0.0 Safari/537.36	{}	\N	1	f	f	\N	\N		\N	\N	{}
139	LOGIN	paul deee (DEEE@gmail.com) logged in	2026-03-23 18:58:29.269912+03	\N		127.0.0.1	Mozilla/5.0 (Windows NT 10.0; Win64; x64) AppleWebKit/537.36 (KHTML, like Gecko) Chrome/146.0.0.0 Safari/537.36	{}	\N	9	f	f	\N	\N		\N	\N	{}
140	LOGIN	paul deee (DEEE@gmail.com) logged in	2026-03-23 18:58:51.695703+03	\N		127.0.0.1	Mozilla/5.0 (Windows NT 10.0; Win64; x64) AppleWebKit/537.36 (KHTML, like Gecko) Chrome/146.0.0.0 Safari/537.36	{}	\N	9	f	f	\N	\N		\N	\N	{}
141	PASSWORD_CHANGE	paul deee changed/reset a password	2026-03-23 18:58:51.699308+03	\N		127.0.0.1	Mozilla/5.0 (Windows NT 10.0; Win64; x64) AppleWebKit/537.36 (KHTML, like Gecko) Chrome/146.0.0.0 Safari/537.36	{}	\N	9	f	f	\N	\N		\N	\N	{"new_password": "Manuh@39009232", "confirm_password": "Manuh@39009232"}
142	LOGOUT	paul deee (DEEE@gmail.com) logged out	2026-03-23 18:59:55.753387+03	\N		127.0.0.1	Mozilla/5.0 (Windows NT 10.0; Win64; x64) AppleWebKit/537.36 (KHTML, like Gecko) Chrome/146.0.0.0 Safari/537.36	{}	\N	9	f	f	\N	\N		\N	\N	{}
143	LOGIN	Admin Test (admin.test@mkj.com) logged in	2026-03-23 19:00:19.108435+03	\N		127.0.0.1	Mozilla/5.0 (Windows NT 10.0; Win64; x64) AppleWebKit/537.36 (KHTML, like Gecko) Chrome/146.0.0.0 Safari/537.36	{}	\N	1	f	f	\N	\N		\N	\N	{}
144	LOGOUT	Admin Test (admin.test@mkj.com) logged out	2026-03-23 19:02:29.771778+03	\N		127.0.0.1	Mozilla/5.0 (Windows NT 10.0; Win64; x64) AppleWebKit/537.36 (KHTML, like Gecko) Chrome/146.0.0.0 Safari/537.36	{}	\N	1	f	f	\N	\N		\N	\N	{}
145	LOGIN	paul deee (DEEE@gmail.com) logged in	2026-03-23 21:23:46.770156+03	\N		127.0.0.1	Mozilla/5.0 (Windows NT 10.0; Win64; x64) AppleWebKit/537.36 (KHTML, like Gecko) Chrome/146.0.0.0 Safari/537.36	{}	\N	9	f	f	\N	\N		\N	\N	{}
146	LOGOUT	paul deee (DEEE@gmail.com) logged out	2026-03-23 21:25:42.763326+03	\N		127.0.0.1	Mozilla/5.0 (Windows NT 10.0; Win64; x64) AppleWebKit/537.36 (KHTML, like Gecko) Chrome/146.0.0.0 Safari/537.36	{}	\N	9	f	f	\N	\N		\N	\N	{}
147	LOGIN	CHARLES MUTHOKA (CHARLES@gmail.com) logged in	2026-03-23 21:26:51.214777+03	\N		127.0.0.1	Mozilla/5.0 (Windows NT 10.0; Win64; x64) AppleWebKit/537.36 (KHTML, like Gecko) Chrome/146.0.0.0 Safari/537.36	{}	\N	3	f	f	\N	\N		\N	\N	{}
148	LOGOUT	CHARLES MUTHOKA (CHARLES@gmail.com) logged out	2026-03-23 21:37:26.985812+03	\N		127.0.0.1	Mozilla/5.0 (Windows NT 10.0; Win64; x64) AppleWebKit/537.36 (KHTML, like Gecko) Chrome/146.0.0.0 Safari/537.36	{}	\N	3	f	f	\N	\N		\N	\N	{}
149	LOGIN	Admin Test (admin.test@mkj.com) logged in	2026-03-23 21:37:59.643623+03	\N		127.0.0.1	Mozilla/5.0 (Windows NT 10.0; Win64; x64) AppleWebKit/537.36 (KHTML, like Gecko) Chrome/146.0.0.0 Safari/537.36	{}	\N	1	f	f	\N	\N		\N	\N	{}
150	LOGOUT	Admin Test (admin.test@mkj.com) logged out	2026-03-23 21:38:12.445126+03	\N		127.0.0.1	Mozilla/5.0 (Windows NT 10.0; Win64; x64) AppleWebKit/537.36 (KHTML, like Gecko) Chrome/146.0.0.0 Safari/537.36	{}	\N	1	f	f	\N	\N		\N	\N	{}
151	LOGIN	Failed login attempt for Evans@gmail.com	2026-03-23 21:38:43.437748+03	\N		127.0.0.1	Mozilla/5.0 (Windows NT 10.0; Win64; x64) AppleWebKit/537.36 (KHTML, like Gecko) Chrome/146.0.0.0 Safari/537.36	{"failed": true, "email_attempted": "Evans@gmail.com"}	\N	\N	f	f	\N	\N		\N	\N	{}
152	LOGIN	Failed login attempt for Evans@gmail.com	2026-03-23 21:39:34.434662+03	\N		127.0.0.1	Mozilla/5.0 (Windows NT 10.0; Win64; x64) AppleWebKit/537.36 (KHTML, like Gecko) Chrome/146.0.0.0 Safari/537.36	{"failed": true, "email_attempted": "Evans@gmail.com"}	\N	\N	f	f	\N	\N		\N	\N	{}
153	LOGIN	Admin Test (admin.test@mkj.com) logged in	2026-03-23 22:02:34.186921+03	\N		127.0.0.1	Mozilla/5.0 (Windows NT 10.0; Win64; x64) AppleWebKit/537.36 (KHTML, like Gecko) Chrome/146.0.0.0 Safari/537.36	{}	\N	1	f	f	\N	\N		\N	\N	{}
154	LOGOUT	Admin Test (admin.test@mkj.com) logged out	2026-03-23 22:02:45.358755+03	\N		127.0.0.1	Mozilla/5.0 (Windows NT 10.0; Win64; x64) AppleWebKit/537.36 (KHTML, like Gecko) Chrome/146.0.0.0 Safari/537.36	{}	\N	1	f	f	\N	\N		\N	\N	{}
155	LOGIN	Admin Test (admin.test@mkj.com) logged in	2026-03-23 22:02:54.301183+03	\N		127.0.0.1	Mozilla/5.0 (Windows NT 10.0; Win64; x64) AppleWebKit/537.36 (KHTML, like Gecko) Chrome/146.0.0.0 Safari/537.36	{}	\N	1	f	f	\N	\N		\N	\N	{}
156	LOGOUT	Admin Test (admin.test@mkj.com) logged out	2026-03-24 22:52:52.834548+03	\N		127.0.0.1	Mozilla/5.0 (Windows NT 10.0; Win64; x64) AppleWebKit/537.36 (KHTML, like Gecko) Chrome/146.0.0.0 Safari/537.36	{}	\N	1	f	f	\N	\N		\N	\N	{}
157	LOGIN	Admin Test (admin.test@mkj.com) logged in	2026-03-24 22:53:01.142557+03	\N		127.0.0.1	Mozilla/5.0 (Windows NT 10.0; Win64; x64) AppleWebKit/537.36 (KHTML, like Gecko) Chrome/146.0.0.0 Safari/537.36	{}	\N	1	f	f	\N	\N		\N	\N	{}
158	LOGOUT	Admin Test (admin.test@mkj.com) logged out	2026-03-24 22:54:53.715788+03	\N		127.0.0.1	Mozilla/5.0 (Windows NT 10.0; Win64; x64) AppleWebKit/537.36 (KHTML, like Gecko) Chrome/146.0.0.0 Safari/537.36	{}	\N	1	f	f	\N	\N		\N	\N	{}
159	LOGIN	Admin Test (admin.test@mkj.com) logged in	2026-03-24 22:55:02.470035+03	\N		127.0.0.1	Mozilla/5.0 (Windows NT 10.0; Win64; x64) AppleWebKit/537.36 (KHTML, like Gecko) Chrome/146.0.0.0 Safari/537.36	{}	\N	1	f	f	\N	\N		\N	\N	{}
160	USER_CREATE	Admin Test created a new user account	2026-03-24 22:55:28.597175+03	\N		127.0.0.1	Mozilla/5.0 (Windows NT 10.0; Win64; x64) AppleWebKit/537.36 (KHTML, like Gecko) Chrome/146.0.0.0 Safari/537.36	{}	\N	1	f	f	\N	\N		\N	\N	{"email": "e@gmail.com", "first_name": "ref", "last_name": "kama", "phone": "789098762", "role": "referee", "county": "Makueni", "sub_county": "", "assigned_discipline": ""}
161	LOGOUT	Admin Test (admin.test@mkj.com) logged out	2026-03-24 22:58:16.690009+03	\N		127.0.0.1	Mozilla/5.0 (Windows NT 10.0; Win64; x64) AppleWebKit/537.36 (KHTML, like Gecko) Chrome/146.0.0.0 Safari/537.36	{}	\N	1	f	f	\N	\N		\N	\N	{}
162	LOGIN	ref kama (e@gmail.com) logged in	2026-03-24 22:58:31.584724+03	\N		127.0.0.1	Mozilla/5.0 (Windows NT 10.0; Win64; x64) AppleWebKit/537.36 (KHTML, like Gecko) Chrome/146.0.0.0 Safari/537.36	{}	\N	10	f	f	\N	\N		\N	\N	{}
163	LOGIN	ref kama (e@gmail.com) logged in	2026-03-24 22:58:39.317761+03	\N		127.0.0.1	Mozilla/5.0 (Windows NT 10.0; Win64; x64) AppleWebKit/537.36 (KHTML, like Gecko) Chrome/146.0.0.0 Safari/537.36	{}	\N	10	f	f	\N	\N		\N	\N	{}
164	PASSWORD_CHANGE	ref kama changed/reset a password	2026-03-24 22:58:39.32098+03	\N		127.0.0.1	Mozilla/5.0 (Windows NT 10.0; Win64; x64) AppleWebKit/537.36 (KHTML, like Gecko) Chrome/146.0.0.0 Safari/537.36	{}	\N	10	f	f	\N	\N		\N	\N	{"new_password": "Lb6MYUzmon6d", "confirm_password": "Lb6MYUzmon6d"}
\.


--
-- Data for Name: appeals_appeal; Type: TABLE DATA; Schema: public; Owner: mkj_user
--

COPY public.appeals_appeal (id, subject, details, status, fee_amount, fee_status, fee_reference, fee_verified_at, is_reappeal, response_deadline, created_at, submitted_at, updated_at, appellant_team_id, appellant_user_id, competition_id, fee_verified_by_id, match_id, original_appeal_id, respondent_team_id, reappeal_deadline) FROM stdin;
\.


--
-- Data for Name: appeals_appealevidence; Type: TABLE DATA; Schema: public; Owner: mkj_user
--

COPY public.appeals_appealevidence (id, evidence_type, file, title, description, uploaded_at, appeal_id, uploaded_by_id) FROM stdin;
\.


--
-- Data for Name: appeals_appealresponse; Type: TABLE DATA; Schema: public; Owner: mkj_user
--

COPY public.appeals_appealresponse (id, statement, submitted_at, updated_at, appeal_id, respondent_user_id) FROM stdin;
\.


--
-- Data for Name: appeals_decisionevidence; Type: TABLE DATA; Schema: public; Owner: mkj_user
--

COPY public.appeals_decisionevidence (id, evidence_type, file, title, description, uploaded_at, uploaded_by_id, decision_id) FROM stdin;
\.


--
-- Data for Name: appeals_hearingschedule; Type: TABLE DATA; Schema: public; Owner: mkj_user
--

COPY public.appeals_hearingschedule (id, hearing_date, hearing_time, location, notes, is_cancelled, created_at, updated_at, appeal_id, scheduled_by_id) FROM stdin;
\.


--
-- Data for Name: appeals_jurydecision; Type: TABLE DATA; Schema: public; Owner: mkj_user
--

COPY public.appeals_jurydecision (id, outcome, reasoning, sanctions, is_published, published_at, created_at, updated_at, appeal_id, decided_by_id) FROM stdin;
\.


--
-- Data for Name: appeals_responseevidence; Type: TABLE DATA; Schema: public; Owner: mkj_user
--

COPY public.appeals_responseevidence (id, evidence_type, file, title, description, uploaded_at, response_id, uploaded_by_id) FROM stdin;
\.


--
-- Data for Name: auth_group; Type: TABLE DATA; Schema: public; Owner: mkj_user
--

COPY public.auth_group (id, name) FROM stdin;
\.


--
-- Data for Name: auth_group_permissions; Type: TABLE DATA; Schema: public; Owner: mkj_user
--

COPY public.auth_group_permissions (id, group_id, permission_id) FROM stdin;
\.


--
-- Data for Name: auth_permission; Type: TABLE DATA; Schema: public; Owner: mkj_user
--

COPY public.auth_permission (id, name, content_type_id, codename) FROM stdin;
1	Can add log entry	1	add_logentry
2	Can change log entry	1	change_logentry
3	Can delete log entry	1	delete_logentry
4	Can view log entry	1	view_logentry
5	Can add permission	3	add_permission
6	Can change permission	3	change_permission
7	Can delete permission	3	delete_permission
8	Can view permission	3	view_permission
9	Can add group	2	add_group
10	Can change group	2	change_group
11	Can delete group	2	delete_group
12	Can view group	2	view_group
13	Can add content type	4	add_contenttype
14	Can change content type	4	change_contenttype
15	Can delete content type	4	delete_contenttype
16	Can view content type	4	view_contenttype
17	Can add session	5	add_session
18	Can change session	5	change_session
19	Can delete session	5	delete_session
20	Can view session	5	view_session
21	Can add Outstanding Token	7	add_outstandingtoken
22	Can change Outstanding Token	7	change_outstandingtoken
23	Can delete Outstanding Token	7	delete_outstandingtoken
24	Can view Outstanding Token	7	view_outstandingtoken
25	Can add Blacklisted Token	6	add_blacklistedtoken
26	Can change Blacklisted Token	6	change_blacklistedtoken
27	Can delete Blacklisted Token	6	delete_blacklistedtoken
28	Can view Blacklisted Token	6	view_blacklistedtoken
29	Can add User	8	add_user
30	Can change User	8	change_user
31	Can delete User	8	delete_user
32	Can view User	8	view_user
33	Can add Competition	9	add_competition
34	Can change Competition	9	change_competition
35	Can delete Competition	9	delete_competition
36	Can view Competition	9	view_competition
37	Can add venue	15	add_venue
38	Can change venue	15	change_venue
39	Can delete venue	15	delete_venue
40	Can view venue	15	view_venue
41	Can add pool	13	add_pool
42	Can change pool	13	change_pool
43	Can delete pool	13	delete_pool
44	Can view pool	13	view_pool
45	Can add pool team	14	add_poolteam
46	Can change pool team	14	change_poolteam
47	Can delete pool team	14	delete_poolteam
48	Can view pool team	14	view_poolteam
49	Can add fixture	12	add_fixture
50	Can change fixture	12	change_fixture
51	Can delete fixture	12	delete_fixture
52	Can view fixture	12	view_fixture
53	Can add County Payment	10	add_countypayment
54	Can change County Payment	10	change_countypayment
55	Can delete County Payment	10	delete_countypayment
56	Can view County Payment	10	view_countypayment
57	Can add County Registration	11	add_countyregistration
58	Can change County Registration	11	change_countyregistration
59	Can delete County Registration	11	delete_countyregistration
60	Can view County Registration	11	view_countyregistration
61	Can add Referee Profile	19	add_refereeprofile
62	Can change Referee Profile	19	change_refereeprofile
63	Can delete Referee Profile	19	delete_refereeprofile
64	Can view Referee Profile	19	view_refereeprofile
65	Can add referee certification	18	add_refereecertification
66	Can change referee certification	18	change_refereecertification
67	Can delete referee certification	18	delete_refereecertification
68	Can view referee certification	18	view_refereecertification
69	Can add referee appointment	16	add_refereeappointment
70	Can change referee appointment	16	change_refereeappointment
71	Can delete referee appointment	16	delete_refereeappointment
72	Can view referee appointment	16	view_refereeappointment
73	Can add referee availability	17	add_refereeavailability
74	Can change referee availability	17	change_refereeavailability
75	Can delete referee availability	17	delete_refereeavailability
76	Can view referee availability	17	view_refereeavailability
77	Can add referee review	20	add_refereereview
78	Can change referee review	20	change_refereereview
79	Can delete referee review	20	delete_refereereview
80	Can view referee review	20	view_refereereview
81	Can add county registration	25	add_countyregistration
82	Can change county registration	25	change_countyregistration
83	Can delete county registration	25	delete_countyregistration
84	Can view county registration	25	view_countyregistration
85	Can add county discipline	23	add_countydiscipline
86	Can change county discipline	23	change_countydiscipline
87	Can delete county discipline	23	delete_countydiscipline
88	Can view county discipline	23	view_countydiscipline
89	Can add county player	24	add_countyplayer
90	Can change county player	24	change_countyplayer
91	Can delete county player	24	delete_countyplayer
92	Can view county player	24	view_countyplayer
93	Can add technical bench member	31	add_technicalbenchmember
94	Can change technical bench member	31	change_technicalbenchmember
95	Can delete technical bench member	31	delete_technicalbenchmember
96	Can view technical bench member	31	view_technicalbenchmember
97	Can add county delegation member	22	add_countydelegationmember
98	Can change county delegation member	22	change_countydelegationmember
99	Can delete county delegation member	22	delete_countydelegationmember
100	Can view county delegation member	22	view_countydelegationmember
101	Can add county	21	add_county
102	Can change county	21	change_county
103	Can delete county	21	delete_county
104	Can view county	21	view_county
105	Can add team	30	add_team
106	Can change team	30	change_team
107	Can delete team	30	delete_team
108	Can view team	30	view_team
109	Can add player	26	add_player
110	Can change player	26	change_player
111	Can delete player	26	delete_player
112	Can view player	26	view_player
113	Can add Verification Log	27	add_playerverificationlog
114	Can change Verification Log	27	change_playerverificationlog
115	Can delete Verification Log	27	delete_playerverificationlog
116	Can view Verification Log	27	view_playerverificationlog
117	Can add Scout Shortlist Entry	29	add_scoutshortlist
118	Can change Scout Shortlist Entry	29	change_scoutshortlist
119	Can delete Scout Shortlist Entry	29	delete_scoutshortlist
120	Can view Scout Shortlist Entry	29	view_scoutshortlist
121	Can add scout report	28	add_scoutreport
122	Can change scout report	28	change_scoutreport
123	Can delete scout report	28	delete_scoutreport
124	Can view scout report	28	view_scoutreport
125	Can add Team List	37	add_squadsubmission
126	Can change Team List	37	change_squadsubmission
127	Can delete Team List	37	delete_squadsubmission
128	Can view Team List	37	view_squadsubmission
129	Can add squad player	36	add_squadplayer
130	Can change squad player	36	change_squadplayer
131	Can delete squad player	36	delete_squadplayer
132	Can view squad player	36	view_squadplayer
133	Can add Substitution Request	38	add_substitutionrequest
134	Can change Substitution Request	38	change_substitutionrequest
135	Can delete Substitution Request	38	delete_substitutionrequest
136	Can view Substitution Request	38	view_substitutionrequest
137	Can add Match Report	33	add_matchreport
138	Can change Match Report	33	change_matchreport
139	Can delete Match Report	33	delete_matchreport
140	Can view Match Report	33	view_matchreport
141	Can add period score	34	add_periodscore
142	Can change period score	34	change_periodscore
143	Can delete period score	34	delete_periodscore
144	Can view period score	34	view_periodscore
145	Can add match event	32	add_matchevent
146	Can change match event	32	change_matchevent
147	Can delete match event	32	delete_matchevent
148	Can view match event	32	view_matchevent
149	Can add Player Statistics	35	add_playerstatistics
150	Can change Player Statistics	35	change_playerstatistics
151	Can delete Player Statistics	35	delete_playerstatistics
152	Can view Player Statistics	35	view_playerstatistics
153	Can add Activity Log	39	add_activitylog
154	Can change Activity Log	39	change_activitylog
155	Can delete Activity Log	39	delete_activitylog
156	Can view Activity Log	39	view_activitylog
157	Can add Appeal	40	add_appeal
158	Can change Appeal	40	change_appeal
159	Can delete Appeal	40	delete_appeal
160	Can view Appeal	40	view_appeal
161	Can add Appeal Evidence	41	add_appealevidence
162	Can change Appeal Evidence	41	change_appealevidence
163	Can delete Appeal Evidence	41	delete_appealevidence
164	Can view Appeal Evidence	41	view_appealevidence
165	Can add Appeal Response	42	add_appealresponse
166	Can change Appeal Response	42	change_appealresponse
167	Can delete Appeal Response	42	delete_appealresponse
168	Can view Appeal Response	42	view_appealresponse
169	Can add Response Evidence	46	add_responseevidence
170	Can change Response Evidence	46	change_responseevidence
171	Can delete Response Evidence	46	delete_responseevidence
172	Can view Response Evidence	46	view_responseevidence
173	Can add Jury Decision	45	add_jurydecision
174	Can change Jury Decision	45	change_jurydecision
175	Can delete Jury Decision	45	delete_jurydecision
176	Can view Jury Decision	45	view_jurydecision
177	Can add Decision Evidence	43	add_decisionevidence
178	Can change Decision Evidence	43	change_decisionevidence
179	Can delete Decision Evidence	43	delete_decisionevidence
180	Can view Decision Evidence	43	view_decisionevidence
181	Can add Hearing Schedule	44	add_hearingschedule
182	Can change Hearing Schedule	44	change_hearingschedule
183	Can delete Hearing Schedule	44	delete_hearingschedule
184	Can view Hearing Schedule	44	view_hearingschedule
185	Can add news category	50	add_newscategory
186	Can change news category	50	change_newscategory
187	Can delete news category	50	delete_newscategory
188	Can view news category	50	view_newscategory
189	Can add news article	49	add_newsarticle
190	Can change news article	49	change_newsarticle
191	Can delete news article	49	delete_newsarticle
192	Can view news article	49	view_newsarticle
193	Can add gallery album	47	add_galleryalbum
194	Can change gallery album	47	change_galleryalbum
195	Can delete gallery album	47	delete_galleryalbum
196	Can view gallery album	47	view_galleryalbum
197	Can add gallery image	48	add_galleryimage
198	Can change gallery image	48	change_galleryimage
199	Can delete gallery image	48	delete_galleryimage
200	Can view gallery image	48	view_galleryimage
201	Can add video	51	add_video
202	Can change video	51	change_video
203	Can delete video	51	delete_video
204	Can view video	51	view_video
\.


--
-- Data for Name: competitions_competition; Type: TABLE DATA; Schema: public; Owner: mkj_user
--

COPY public.competitions_competition (id, name, season, age_group, status, description, start_date, end_date, max_teams, created_at, updated_at, created_by_id, sport_type, is_exhibition, format_type, gender, qualify_from_group, rules, teams_per_group) FROM stdin;
\.


--
-- Data for Name: competitions_fixture; Type: TABLE DATA; Schema: public; Owner: mkj_user
--

COPY public.competitions_fixture (id, match_date, kickoff_time, status, round_number, home_score, away_score, is_walkover, created_at, updated_at, away_team_id, competition_id, created_by_id, home_team_id, walkover_team_id, pool_id, venue_id, away_penalties, away_score_et, bracket_position, home_penalties, home_score_et, is_knockout, knockout_round, leg_number, winner_id) FROM stdin;
\.


--
-- Data for Name: competitions_pool; Type: TABLE DATA; Schema: public; Owner: mkj_user
--

COPY public.competitions_pool (id, name, notes, competition_id, venue_id) FROM stdin;
\.


--
-- Data for Name: competitions_poolteam; Type: TABLE DATA; Schema: public; Owner: mkj_user
--

COPY public.competitions_poolteam (id, played, won, drawn, lost, goals_for, goals_against, pool_id, team_id, bonus_points, sets_lost, sets_won) FROM stdin;
\.


--
-- Data for Name: competitions_venue; Type: TABLE DATA; Schema: public; Owner: mkj_user
--

COPY public.competitions_venue (id, name, county, city, address, capacity, surface, facilities, photo, is_active, latitude, longitude) FROM stdin;
\.


--
-- Data for Name: django_admin_log; Type: TABLE DATA; Schema: public; Owner: mkj_user
--

COPY public.django_admin_log (id, action_time, object_id, object_repr, action_flag, change_message, content_type_id, user_id) FROM stdin;
1	2026-03-23 18:58:01.25282+03	9	paul deee (Scout)	2	[{"changed": {"fields": ["password"]}}]	8	1
\.


--
-- Data for Name: django_content_type; Type: TABLE DATA; Schema: public; Owner: mkj_user
--

COPY public.django_content_type (id, app_label, model) FROM stdin;
1	admin	logentry
2	auth	group
3	auth	permission
4	contenttypes	contenttype
5	sessions	session
6	token_blacklist	blacklistedtoken
7	token_blacklist	outstandingtoken
8	accounts	user
9	competitions	competition
10	competitions	countypayment
11	competitions	countyregistration
12	competitions	fixture
13	competitions	pool
14	competitions	poolteam
15	competitions	venue
16	referees	refereeappointment
17	referees	refereeavailability
18	referees	refereecertification
19	referees	refereeprofile
20	referees	refereereview
21	teams	county
22	teams	countydelegationmember
23	teams	countydiscipline
24	teams	countyplayer
25	teams	countyregistration
26	teams	player
27	teams	playerverificationlog
28	teams	scoutreport
29	teams	scoutshortlist
30	teams	team
31	teams	technicalbenchmember
32	matches	matchevent
33	matches	matchreport
34	matches	periodscore
35	matches	playerstatistics
36	matches	squadplayer
37	matches	squadsubmission
38	matches	substitutionrequest
39	admin_dashboard	activitylog
40	appeals	appeal
41	appeals	appealevidence
42	appeals	appealresponse
43	appeals	decisionevidence
44	appeals	hearingschedule
45	appeals	jurydecision
46	appeals	responseevidence
47	news_media	galleryalbum
48	news_media	galleryimage
49	news_media	newsarticle
50	news_media	newscategory
51	news_media	video
\.


--
-- Data for Name: django_migrations; Type: TABLE DATA; Schema: public; Owner: mkj_user
--

COPY public.django_migrations (id, app, name, applied) FROM stdin;
1	contenttypes	0001_initial	2026-03-22 09:30:13.408938+03
2	contenttypes	0002_remove_content_type_name	2026-03-22 09:30:13.436958+03
3	auth	0001_initial	2026-03-22 09:30:13.492022+03
4	auth	0002_alter_permission_name_max_length	2026-03-22 09:30:13.499531+03
5	auth	0003_alter_user_email_max_length	2026-03-22 09:30:13.50514+03
6	auth	0004_alter_user_username_opts	2026-03-22 09:30:13.513595+03
7	auth	0005_alter_user_last_login_null	2026-03-22 09:30:13.523589+03
8	auth	0006_require_contenttypes_0002	2026-03-22 09:30:13.525177+03
9	auth	0007_alter_validators_add_error_messages	2026-03-22 09:30:13.530978+03
10	auth	0008_alter_user_username_max_length	2026-03-22 09:30:13.537025+03
11	auth	0009_alter_user_last_name_max_length	2026-03-22 09:30:13.544453+03
12	auth	0010_alter_group_name_max_length	2026-03-22 09:30:13.552851+03
13	auth	0011_update_proxy_permissions	2026-03-22 09:30:13.561141+03
14	auth	0012_alter_user_first_name_max_length	2026-03-22 09:30:13.566645+03
15	accounts	0001_initial	2026-03-22 09:30:13.627994+03
16	accounts	0002_add_treasurer_role	2026-03-22 09:30:13.639836+03
17	accounts	0003_user_is_suspended_user_must_change_password	2026-03-22 09:30:13.664419+03
18	accounts	0004_alter_user_role	2026-03-22 09:30:13.673951+03
19	accounts	0005_alter_user_role	2026-03-22 09:30:13.680701+03
20	accounts	0006_add_media_manager_role	2026-03-22 09:30:13.688369+03
21	accounts	0007_alter_user_role	2026-03-22 09:30:13.695765+03
22	accounts	0008_user_assigned_discipline_alter_user_role	2026-03-22 09:30:13.711639+03
23	accounts	0009_alter_user_assigned_discipline_alter_user_phone_and_more	2026-03-22 09:30:13.74429+03
24	accounts	0010_user_sub_county_alter_user_role	2026-03-22 09:30:13.764664+03
25	accounts	0011_alter_user_assigned_discipline_alter_user_sub_county	2026-03-22 09:30:13.786524+03
26	accounts	0012_alter_user_role	2026-03-22 09:30:13.794691+03
27	accounts	0013_alter_user_role	2026-03-22 09:30:13.804327+03
28	admin	0001_initial	2026-03-22 09:30:13.83703+03
29	admin	0002_logentry_remove_auto_add	2026-03-22 09:30:13.846583+03
30	admin	0003_logentry_add_action_flag_choices	2026-03-22 09:30:13.861689+03
31	admin_dashboard	0001_initial	2026-03-22 09:30:13.902335+03
32	admin_dashboard	0002_activitylog_can_undo_activitylog_is_undone_and_more	2026-03-22 09:30:13.998197+03
33	admin_dashboard	0003_activitylog_changes_json_alter_activitylog_action	2026-03-22 09:30:14.015705+03
34	admin_dashboard	0004_alter_activitylog_action	2026-03-22 09:30:14.026087+03
35	competitions	0001_initial	2026-03-22 09:30:14.100344+03
36	teams	0001_initial	2026-03-22 09:30:14.158973+03
37	teams	0002_player_birth_certificate_player_id_document_and_more	2026-03-22 09:30:14.230917+03
38	teams	0003_remove_player_id_number_player_birth_cert_number_and_more	2026-03-22 09:30:14.267646+03
39	competitions	0002_initial	2026-03-22 09:30:14.772868+03
40	competitions	0003_competition_sport_type	2026-03-22 09:30:14.947841+03
41	teams	0002_team_sport_type	2026-03-22 09:30:14.984948+03
42	teams	0004_merge_20260227_1914	2026-03-22 09:30:14.987012+03
43	teams	0005_add_payment_fields	2026-03-22 09:30:15.17716+03
44	competitions	0004_countyregistration	2026-03-22 09:30:15.222289+03
45	appeals	0001_initial	2026-03-22 09:30:15.476747+03
46	appeals	0002_hearingschedule	2026-03-22 09:30:15.530056+03
47	appeals	0003_appeal_reappeal_deadline	2026-03-22 09:30:15.570036+03
48	teams	0006_team_county_logo	2026-03-22 09:30:15.606852+03
49	teams	0007_team_away_gk_colour_team_away_kit_image_and_more	2026-03-22 09:30:16.08397+03
50	competitions	0005_remove_countyregistration_participation_fee_and_more	2026-03-22 09:30:16.724913+03
51	competitions	0006_add_basketball_handball_gender_variants	2026-03-22 09:30:16.748844+03
52	competitions	0007_alter_countypayment_participation_fee	2026-03-22 09:30:16.838061+03
53	competitions	0008_alter_competition_sport_type	2026-03-22 09:30:16.863522+03
54	teams	0008_county_alter_team_county	2026-03-22 09:30:17.009357+03
55	teams	0009_populate_counties_and_migrate_data	2026-03-22 09:30:17.204574+03
56	teams	0010_make_county_non_nullable	2026-03-22 09:30:17.255627+03
57	teams	0011_player_fifa_connect_checked_at_and_more	2026-03-22 09:30:17.672142+03
58	teams	0012_countydiscipline_alter_team_sport_type_countyplayer_and_more	2026-03-22 09:30:17.817365+03
59	teams	0013_countyplayer_birth_certificate_and_more	2026-03-22 09:30:17.960129+03
60	teams	0014_add_director_fields_to_county_registration	2026-03-22 09:30:18.049202+03
61	teams	0015_add_iprs_photo	2026-03-22 09:30:18.059859+03
62	teams	0016_scoutshortlist	2026-03-22 09:30:18.122549+03
63	teams	0017_alter_county_alt_contact_phone_and_more	2026-03-22 09:30:18.29445+03
64	teams	0018_add_payment_method_fields	2026-03-22 09:30:18.55815+03
65	teams	0019_countydelegationmember	2026-03-22 09:30:18.618881+03
66	teams	0020_alter_countydiscipline_options_and_more	2026-03-22 09:30:18.798295+03
67	teams	0021_backfill_linked_subcounty_teams	2026-03-22 09:30:18.84741+03
68	teams	0022_add_scout_report_model	2026-03-22 09:30:18.938486+03
69	teams	0023_countyplayer_sub_county_countyplayer_ward_and_more	2026-03-22 09:30:19.100377+03
70	teams	0024_alter_countydiscipline_sport_type_and_more	2026-03-22 09:30:19.158018+03
71	referees	0001_initial	2026-03-22 09:30:19.499497+03
72	matches	0001_initial	2026-03-22 09:30:19.817444+03
73	matches	0002_alter_matchevent_event_type_alter_matchevent_minute_and_more	2026-03-22 09:30:19.969905+03
74	matches	0003_squadsubmission_formation_squadsubmission_kit_choice	2026-03-22 09:30:20.074639+03
75	matches	0004_matchreport_away_sets_matchreport_away_suspensions_and_more	2026-03-22 09:30:20.505032+03
76	matches	0005_matchreport_appointment_snapshot	2026-03-22 09:30:20.563338+03
77	matches	0006_alter_squadsubmission_formation	2026-03-22 09:30:20.618798+03
78	matches	0007_alter_squadsubmission_options_substitutionrequest	2026-03-22 09:30:20.760048+03
79	news_media	0001_initial	2026-03-22 09:30:21.119214+03
80	referees	0002_refereeprofile_profile_picture	2026-03-22 09:30:21.169801+03
81	referees	0003_refereeprofile_referee_type_and_more	2026-03-22 09:30:21.290437+03
82	referees	0004_alter_refereeappointment_role	2026-03-22 09:30:21.358817+03
83	referees	0005_expand_role_maxlen_add_optional_roles	2026-03-22 09:30:21.428654+03
84	referees	0006_unique_appointment_role_per_fixture	2026-03-22 09:30:21.493535+03
85	referees	0007_alter_refereeprofile_id_number	2026-03-22 09:30:21.560654+03
86	sessions	0001_initial	2026-03-22 09:30:21.592317+03
87	token_blacklist	0001_initial	2026-03-22 09:30:21.77821+03
88	token_blacklist	0002_outstandingtoken_jti_hex	2026-03-22 09:30:21.859696+03
89	token_blacklist	0003_auto_20171017_2007	2026-03-22 09:30:21.935499+03
90	token_blacklist	0004_auto_20171017_2013	2026-03-22 09:30:22.008997+03
91	token_blacklist	0005_remove_outstandingtoken_jti	2026-03-22 09:30:22.066942+03
92	token_blacklist	0006_auto_20171017_2113	2026-03-22 09:30:22.137767+03
93	token_blacklist	0007_auto_20171017_2214	2026-03-22 09:30:22.298384+03
94	token_blacklist	0008_migrate_to_bigautofield	2026-03-22 09:30:22.47515+03
95	token_blacklist	0010_fix_migrate_to_bigautofield	2026-03-22 09:30:22.558272+03
96	token_blacklist	0011_linearizes_history	2026-03-22 09:30:22.56046+03
97	token_blacklist	0012_alter_outstandingtoken_user	2026-03-22 09:30:22.627773+03
98	token_blacklist	0013_alter_blacklistedtoken_options_and_more	2026-03-22 09:30:22.745715+03
99	accounts	0014_remove_county_sports_admin_role	2026-03-22 10:24:51.124944+03
100	competitions	0009_add_venue_to_pool	2026-03-22 10:37:38.997464+03
101	competitions	0010_remove_countyregistration_county_payment_and_more	2026-03-22 12:28:46.929881+03
\.


--
-- Data for Name: django_session; Type: TABLE DATA; Schema: public; Owner: mkj_user
--

COPY public.django_session (session_key, session_data, expire_date) FROM stdin;
1vlfcfqf7cm69jmac87g02gdysej9fnb	.eJxVjEEOwiAQAP_C2ZAuWyj16L1vILC7SNW0SWlPxr8bkh70OjOZtwrx2Es4qmxhZnVVoC6_LEV6ytIEP-JyXzWty77NSbdEn7bqaWV53c72b1BiLW07cHYgmTz6iICD-IiORzQWMnSpt5JwTM6zEJiOmXpMQOJJnPUG1OcL5CY3_A:1w3EGR:onyHcy-qWXAN-2AJ1WNeJKbEkdyErpJ9ekfaOyPN4dY	2026-04-02 17:22:19.28+03
3u9g6s28y65z1x10i6rxjrzy3lxh9d2s	.eJxVjEEOwiAQAP_C2ZAuWyj16L1vILC7SNW0SWlPxr8bkh70OjOZtwrx2Es4qmxhZnVVoC6_LEV6ytIEP-JyXzWty77NSbdEn7bqaWV53c72b1BiLW07cHYgmTz6iICD-IiORzQWMnSpt5JwTM6zEJiOmXpMQOJJnPUG1OcL5CY3_A:1w3FHt:Z0odyFVNlVPQSDROouBGfZ8xQrtTVgylap-pMTUk2GU	2026-04-02 18:27:53.267+03
kd4494hdr5fuzrpya9q3umddjr31y264	.eJxVjEEOwiAQAP_C2ZAuWyj16L1vILC7SNW0SWlPxr8bkh70OjOZtwrx2Es4qmxhZnVVoC6_LEV6ytIEP-JyXzWty77NSbdEn7bqaWV53c72b1BiLW07cHYgmTz6iICD-IiORzQWMnSpt5JwTM6zEJiOmXpMQOJJnPUG1OcL5CY3_A:1w3FWQ:tNm6-GHNhDLblNvvnq73kXQkDHRAPMcJU5OjrSGKA9s	2026-04-02 18:42:54.751+03
pjwb6t274il1r8luniclh2kdqf2ueq7c	.eJxVjEEOwiAQAP_C2ZAuWyj16L1vILC7SNW0SWlPxr8bkh70OjOZtwrx2Es4qmxhZnVVoC6_LEV6ytIEP-JyXzWty77NSbdEn7bqaWV53c72b1BiLW07cHYgmTz6iICD-IiORzQWMnSpt5JwTM6zEJiOmXpMQOJJnPUG1OcL5CY3_A:1w3FG1:WigOEZTA6oRtNBC7vROykpmowjvhqyOKplcJG3sJSP0	2026-04-02 18:25:57.423+03
zqw8fmmo2tbd08oa1mlnmgk3b4irgj1t	.eJxVjEEOwiAQAP-yZ0NgQSg9eu8bmgUWqRpISnsy_t006UGvM5N5w0z7Vua98zovCUZAuPyyQPHJ9RDpQfXeRGx1W5cgjkSctoupJX7dzvZvUKgXGIFMQIPR5GBcunqnFQ6eB_TGsXMkAyk2Ga3VkqQNSrFKinXSmbMjHeHzBdBvN8Y:1w3XzC:_CqzAOdsLVuIjeIY0BkcMhUZq9oz8empfwAcEaffedo	2026-04-03 14:25:50.744+03
j4ji29bejs71wktcigqq411etdi94l2x	.eJxVjLsOgzAMAP_FcxWlhDzM2J1vQE5sF9oKJAJT1X-vkBja9e50bxho38Zhr7IOE0MHDVx-WabylPkQ_KD5vpiyzNs6ZXMk5rTV9AvL63a2f4OR6ggdoOOoMZakmoizj9fSZpsDSmkooaQQVVgUMdlg0aJjDV7VtyE7lwJ8vgJOOEE:1w4Zgl:23BEV6UpBeXm4G1a9fbK1mH7WkU2DFBGapJ0ktDu6Vg	2026-04-06 10:27:03.183923+03
oa6vjuwpsyex0i0zfz8qcgseo5bbgdqa	.eJxVjDkOwjAQAP-yNbJ8xFdKet4Q7dprHEC2lKNC_B1FSgHtzGjeMOG-1WlfeZnmDCMouPwywvTkdoj8wHbvIvW2LTOJIxGnXcWtZ35dz_ZvUHGtMIJRmKJ05Fk7Nl5nbyjbIEmH6AJ6y0Zpz9GWFNGRGxyTlQVL0X6IScPnC9PiN7Y:1w4hZo:7q1o7CbaiqOoW_j_spqtRpOtvpbDgqZz12IZW09JrvM	2026-04-06 18:52:24.462341+03
fa0i6efrttf85iju34ryk4wbq6hctytn	.eJxVjDEOgzAMAP_iuYoMIYQwdu8bkB3HhbZKJAJT1b9XSAztene6N0y0b_O017ROi8AIDcLlFzLFZ8qHkQflezGx5G1d2ByJOW01tyLpdT3bv8FMdYYRWhYWLxF58KItaUuiyYly8GS1o9B4G1kbTyQdDlbRYY89exQXFOHzBVHEOUM:1w57tf:4ggUQz4fzIqpXhhHT7hlkkxURjYNgv_gWK2x_pOmJNA	2026-04-07 22:58:39.32496+03
\.


--
-- Data for Name: matches_matchevent; Type: TABLE DATA; Schema: public; Owner: mkj_user
--

COPY public.matches_matchevent (id, event_type, minute, notes, player_id, team_id, report_id) FROM stdin;
\.


--
-- Data for Name: matches_matchreport; Type: TABLE DATA; Schema: public; Owner: mkj_user
--

COPY public.matches_matchreport (id, status, home_score, away_score, home_yellow_cards, away_yellow_cards, home_red_cards, away_red_cards, match_duration, added_time_ht, added_time_ft, pitch_condition, weather, attendance, referee_notes, is_abandoned, abandonment_reason, reviewed_at, reviewer_notes, submitted_at, created_at, updated_at, fixture_id, referee_id, reviewed_by_id, away_sets, away_suspensions, home_sets, home_suspensions, overtime_periods, overtime_played, appointment_snapshot) FROM stdin;
\.


--
-- Data for Name: matches_periodscore; Type: TABLE DATA; Schema: public; Owner: mkj_user
--

COPY public.matches_periodscore (id, period_number, period_label, home_score, away_score, is_overtime, report_id) FROM stdin;
\.


--
-- Data for Name: matches_playerstatistics; Type: TABLE DATA; Schema: public; Owner: mkj_user
--

COPY public.matches_playerstatistics (id, matches_played, matches_started, matches_sub, minutes_played, goals, assists, penalties_scored, penalties_missed, own_goals, yellow_cards, red_cards, clean_sheets, goals_conceded, goal_contributions, updated_at, competition_id, player_id, team_id) FROM stdin;
\.


--
-- Data for Name: matches_squadplayer; Type: TABLE DATA; Schema: public; Owner: mkj_user
--

COPY public.matches_squadplayer (id, is_starter, shirt_number, player_id, submission_id) FROM stdin;
\.


--
-- Data for Name: matches_squadsubmission; Type: TABLE DATA; Schema: public; Owner: mkj_user
--

COPY public.matches_squadsubmission (id, status, submitted_at, reviewed_at, rejection_reason, fixture_id, reviewed_by_id, team_id, formation, kit_choice) FROM stdin;
\.


--
-- Data for Name: matches_substitutionrequest; Type: TABLE DATA; Schema: public; Owner: mkj_user
--

COPY public.matches_substitutionrequest (id, minute, sub_type, status, sub_window, grants_opponent_extra, reason, requested_at, decided_at, denial_reason, approved_by_id, fixture_id, player_off_id, player_on_id, requested_by_id, team_id) FROM stdin;
\.


--
-- Data for Name: news_media_galleryalbum; Type: TABLE DATA; Schema: public; Owner: mkj_user
--

COPY public.news_media_galleryalbum (id, title, slug, description, cover_image, event_date, is_published, created_at, created_by_id) FROM stdin;
\.


--
-- Data for Name: news_media_galleryimage; Type: TABLE DATA; Schema: public; Owner: mkj_user
--

COPY public.news_media_galleryimage (id, image, caption, "order", uploaded_at, album_id) FROM stdin;
\.


--
-- Data for Name: news_media_newsarticle; Type: TABLE DATA; Schema: public; Owner: mkj_user
--

COPY public.news_media_newsarticle (id, title, slug, featured_image, excerpt, content, is_highlight, is_featured, status, published_at, created_at, updated_at, author_id, category_id) FROM stdin;
\.


--
-- Data for Name: news_media_newscategory; Type: TABLE DATA; Schema: public; Owner: mkj_user
--

COPY public.news_media_newscategory (id, name, slug, icon) FROM stdin;
\.


--
-- Data for Name: news_media_video; Type: TABLE DATA; Schema: public; Owner: mkj_user
--

COPY public.news_media_video (id, title, slug, description, thumbnail, source, video_file, video_url, duration, is_featured, is_published, created_at, uploaded_by_id) FROM stdin;
\.


--
-- Data for Name: referees_refereeappointment; Type: TABLE DATA; Schema: public; Owner: mkj_user
--

COPY public.referees_refereeappointment (id, role, status, appointed_at, confirmed_at, notes, appointed_by_id, fixture_id, referee_id) FROM stdin;
\.


--
-- Data for Name: referees_refereeavailability; Type: TABLE DATA; Schema: public; Owner: mkj_user
--

COPY public.referees_refereeavailability (id, date, status, notes, referee_id) FROM stdin;
\.


--
-- Data for Name: referees_refereecertification; Type: TABLE DATA; Schema: public; Owner: mkj_user
--

COPY public.referees_refereecertification (id, title, issued_by, issued_date, expiry_date, certificate, referee_id) FROM stdin;
\.


--
-- Data for Name: referees_refereeprofile; Type: TABLE DATA; Schema: public; Owner: mkj_user
--

COPY public.referees_refereeprofile (id, license_number, level, county, is_approved, approved_at, id_number, bio, years_experience, total_matches, avg_rating, created_at, updated_at, approved_by_id, user_id, profile_picture, referee_type) FROM stdin;
1	REF-AA1629F6	County	Makueni	t	\N			0	0	0.0	2026-03-24 22:55:28.517292+03	2026-03-24 22:55:28.517302+03	\N	10		referee
\.


--
-- Data for Name: referees_refereereview; Type: TABLE DATA; Schema: public; Owner: mkj_user
--

COPY public.referees_refereereview (id, overall_score, positioning, decision_making, fitness, communication, notes, reviewed_at, fixture_id, referee_id, reviewer_id) FROM stdin;
\.


--
-- Data for Name: teams_county; Type: TABLE DATA; Schema: public; Owner: mkj_user
--

COPY public.teams_county (id, name, code, capital, sports_officer_name, sports_officer_email, sports_officer_phone, alt_contact_name, alt_contact_email, alt_contact_phone, office_address, is_active, created_at, updated_at) FROM stdin;
1	Baringo	BAR	Kabarnet	John Kiplagat	sports.baringo@gmail.com	+254720123001				Kabarnet County Sports Office	t	2026-03-19 16:55:50.332+03	2026-03-19 16:55:50.332+03
2	Bomet	BOT	Bomet	Mary Cherotich	sportsoffice.bomet@gmail.com	+254720123002				Bomet County Sports Office	t	2026-03-19 16:55:50.335+03	2026-03-19 16:55:50.335+03
3	Bungoma	BUN	Bungoma	Peter Wanyonyi	sports.bungoma@gmail.com	+254720123003				Bungoma County Sports Office	t	2026-03-19 16:55:50.337+03	2026-03-19 16:55:50.337+03
4	Busia	BUS	Busia	Grace Awino	busia.sports@gmail.com	+254720123004				Busia County Sports Office	t	2026-03-19 16:55:50.339+03	2026-03-19 16:55:50.339+03
5	Elgeyo-Marakwet	EMW	Iten	Samuel Kiprotich	sports.elgeyomarakwet@gmail.com	+254720123005				Iten County Sports Office	t	2026-03-19 16:55:50.34+03	2026-03-19 16:55:50.34+03
6	Embu	EMB	Embu	Catherine Wanjiku	embu.sports@gmail.com	+254720123006				Embu County Sports Office	t	2026-03-19 16:55:50.341+03	2026-03-19 16:55:50.341+03
7	Garissa	GAR	Garissa	Ahmed Hassan	garissa.sports@gmail.com	+254720123007				Garissa County Sports Office	t	2026-03-19 16:55:50.342+03	2026-03-19 16:55:50.342+03
8	Homa Bay	HOM	Homa Bay	Daniel Ochieng	homabay.sports@gmail.com	+254720123008				Homa Bay County Sports Office	t	2026-03-19 16:55:50.343+03	2026-03-19 16:55:50.343+03
9	Isiolo	ISO	Isiolo	Fatuma Ali	isiolo.sports@gmail.com	+254720123009				Isiolo County Sports Office	t	2026-03-19 16:55:50.345+03	2026-03-19 16:55:50.345+03
10	Kajiado	KAJ	Kajiado	Joseph Sankale	kajiado.sports@gmail.com	+254720123010				Kajiado County Sports Office	t	2026-03-19 16:55:50.346+03	2026-03-19 16:55:50.346+03
11	Kakamega	KAK	Kakamega	Margaret Wanjala	kakamega.sports@gmail.com	+254720123011				Kakamega County Sports Office	t	2026-03-19 16:55:50.347+03	2026-03-19 16:55:50.347+03
12	Kericho	KER	Kericho	Timothy Kiprop	kericho.sports@gmail.com	+254720123012				Kericho County Sports Office	t	2026-03-19 16:55:50.348+03	2026-03-19 16:55:50.348+03
13	Kiambu	KIA	Kiambu	Susan Wanjiru	kiambu.sports@gmail.com	+254720123013				Kiambu County Sports Office	t	2026-03-19 16:55:50.349+03	2026-03-19 16:55:50.349+03
14	Kilifi	KIL	Kilifi	Omar Salim	kilifi.sports@gmail.com	+254720123014				Kilifi County Sports Office	t	2026-03-19 16:55:50.35+03	2026-03-19 16:55:50.35+03
15	Kirinyaga	KIR	Kerugoya	Peter Mwangi	kirinyaga.sports@gmail.com	+254720123015				Kerugoya County Sports Office	t	2026-03-19 16:55:50.351+03	2026-03-19 16:55:50.352+03
16	Kisii	KIS	Kisii	Grace Nyaboke	kisii.sports@gmail.com	+254720123016				Kisii County Sports Office	t	2026-03-19 16:55:50.353+03	2026-03-19 16:55:50.353+03
17	Kisumu	KSM	Kisumu	Michael Otieno	kisumu.sports@gmail.com	+254720123017				Kisumu County Sports Office	t	2026-03-19 16:55:50.356+03	2026-03-19 16:55:50.356+03
18	Kitui	KIT	Kitui	Agnes Mutindi	kitui.sports@gmail.com	+254720123018				Kitui County Sports Office	t	2026-03-19 16:55:50.358+03	2026-03-19 16:55:50.358+03
19	Kwale	KWA	Kwale	Hassan Mwalimu	kwale.sports@gmail.com	+254720123019				Kwale County Sports Office	t	2026-03-19 16:55:50.36+03	2026-03-19 16:55:50.36+03
20	Laikipia	LAI	Nanyuki	David Kariuki	laikipia.sports@gmail.com	+254720123020				Nanyuki County Sports Office	t	2026-03-19 16:55:50.362+03	2026-03-19 16:55:50.362+03
21	Lamu	LAM	Lamu	Amina Mohamed	lamu.sports@gmail.com	+254720123021				Lamu County Sports Office	t	2026-03-19 16:55:50.364+03	2026-03-19 16:55:50.364+03
22	Machakos	MAC	Machakos	Francis Musyoka	machakos.sports@gmail.com	+254720123022				Machakos County Sports Office	t	2026-03-19 16:55:50.366+03	2026-03-19 16:55:50.366+03
23	Makueni	MAK	Wote	Jane Kavuu	makueni.sports@gmail.com	+254720123023				Wote County Sports Office	t	2026-03-19 16:55:50.369+03	2026-03-19 16:55:50.369+03
24	Mandera	MAN	Mandera	Abdullahi Ibrahim	mandera.sports@gmail.com	+254720123024				Mandera County Sports Office	t	2026-03-19 16:55:50.372+03	2026-03-19 16:55:50.372+03
25	Marsabit	MAR	Marsabit	Halima Galgalo	marsabit.sports@gmail.com	+254720123025				Marsabit County Sports Office	t	2026-03-19 16:55:50.374+03	2026-03-19 16:55:50.374+03
26	Meru	MER	Meru	Boniface Muthuri	meru.sports@gmail.com	+254720123026				Meru County Sports Office	t	2026-03-19 16:55:50.376+03	2026-03-19 16:55:50.376+03
27	Migori	MIG	Migori	Rose Awuor	migori.sports@gmail.com	+254720123027				Migori County Sports Office	t	2026-03-19 16:55:50.378+03	2026-03-19 16:55:50.378+03
28	Mombasa	MSA	Mombasa	Ali Rashid	mombasa.sports@gmail.com	+254720123028				Mombasa County Sports Office	t	2026-03-19 16:55:50.379+03	2026-03-19 16:55:50.379+03
29	Murang'a	MUR	Murang'a	James Githinji	muranga.sports@gmail.com	+254720123029				Murang'a County Sports Office	t	2026-03-19 16:55:50.38+03	2026-03-19 16:55:50.38+03
30	Nairobi	NAI	Nairobi	Sarah Njeri	nairobi.sports@gmail.com	+254720123030				Nairobi County Sports Office	t	2026-03-19 16:55:50.382+03	2026-03-19 16:55:50.382+03
31	Nakuru	NAK	Nakuru	Robert Kimani	nakuru.sports@gmail.com	+254720123031				Nakuru County Sports Office	t	2026-03-19 16:55:50.383+03	2026-03-19 16:55:50.383+03
32	Nandi	NAN	Kapsabet	Lydia Chebet	nandi.sports@gmail.com	+254720123032				Kapsabet County Sports Office	t	2026-03-19 16:55:50.384+03	2026-03-19 16:55:50.384+03
33	Narok	NAR	Narok	Wilson Sankale	narok.sports@gmail.com	+254720123033				Narok County Sports Office	t	2026-03-19 16:55:50.385+03	2026-03-19 16:55:50.385+03
34	Nyamira	NYA	Nyamira	Esther Moraa	nyamira.sports@gmail.com	+254720123034				Nyamira County Sports Office	t	2026-03-19 16:55:50.386+03	2026-03-19 16:55:50.386+03
35	Nyandarua	NYN	Ol Kalou	Patrick Mwangi	nyandarua.sports@gmail.com	+254720123035				Ol Kalou County Sports Office	t	2026-03-19 16:55:50.389+03	2026-03-19 16:55:50.389+03
36	Nyeri	NYE	Nyeri	Ann Wambui	nyeri.sports@gmail.com	+254720123036				Nyeri County Sports Office	t	2026-03-19 16:55:50.39+03	2026-03-19 16:55:50.39+03
37	Samburu	SAM	Maralal	Jackson Lekalgitele	samburu.sports@gmail.com	+254720123037				Maralal County Sports Office	t	2026-03-19 16:55:50.391+03	2026-03-19 16:55:50.391+03
38	Siaya	SIA	Siaya	Tom Odhiambo	siaya.sports@gmail.com	+254720123038				Siaya County Sports Office	t	2026-03-19 16:55:50.393+03	2026-03-19 16:55:50.393+03
39	Taita-Taveta	TTA	Voi	Elizabeth Mwakio	taitataveta.sports@gmail.com	+254720123039				Voi County Sports Office	t	2026-03-19 16:55:50.394+03	2026-03-19 16:55:50.394+03
40	Tana River	TAN	Hola	Salim Juma	tanariver.sports@gmail.com	+254720123040				Hola County Sports Office	t	2026-03-19 16:55:50.395+03	2026-03-19 16:55:50.395+03
41	Tharaka-Nithi	THN	Chuka	Moses Kimathi	tharakanithi.sports@gmail.com	+254720123041				Chuka County Sports Office	t	2026-03-19 16:55:50.396+03	2026-03-19 16:55:50.396+03
42	Trans Nzoia	TNZ	Kitale	Alice Wanjala	transnzoia.sports@gmail.com	+254720123042				Kitale County Sports Office	t	2026-03-19 16:55:50.397+03	2026-03-19 16:55:50.397+03
43	Turkana	TUR	Lodwar	Paul Ekale	turkana.sports@gmail.com	+254720123043				Lodwar County Sports Office	t	2026-03-19 16:55:50.398+03	2026-03-19 16:55:50.398+03
44	Uasin Gishu	UAS	Eldoret	Mercy Chepkemoi	uasingishu.sports@gmail.com	+254720123044				Eldoret County Sports Office	t	2026-03-19 16:55:50.399+03	2026-03-19 16:55:50.399+03
45	Vihiga	VIH	Vihiga	Nancy Shiundu	vihiga.sports@gmail.com	+254720123045				Vihiga County Sports Office	t	2026-03-19 16:55:50.401+03	2026-03-19 16:55:50.401+03
46	Wajir	WAJ	Wajir	Amina Abdi	wajir.sports@gmail.com	+254720123046				Wajir County Sports Office	t	2026-03-19 16:55:50.402+03	2026-03-19 16:55:50.402+03
47	West Pokot	WPK	Kapenguria	Simon Pkosing	westpokot.sports@gmail.com	+254720123047				Kapenguria County Sports Office	t	2026-03-19 16:55:50.403+03	2026-03-19 16:55:50.403+03
\.


--
-- Data for Name: teams_countydelegationmember; Type: TABLE DATA; Schema: public; Owner: mkj_user
--

COPY public.teams_countydelegationmember (id, role, full_name, phone, national_id_number, email, created_at, updated_at, registration_id, user_id) FROM stdin;
\.


--
-- Data for Name: teams_countydiscipline; Type: TABLE DATA; Schema: public; Owner: mkj_user
--

COPY public.teams_countydiscipline (id, sport_type, registration_id, sub_county) FROM stdin;
\.


--
-- Data for Name: teams_countyplayer; Type: TABLE DATA; Schema: public; Owner: mkj_user
--

COPY public.teams_countyplayer (id, first_name, last_name, date_of_birth, national_id_number, phone, photo, id_document, registered_at, discipline_id, birth_certificate, higher_league_details, higher_league_status, huduma_number, huduma_status, huduma_verified_at, jersey_number, "position", rejection_reason, verification_status, iprs_photo, sub_county, ward) FROM stdin;
\.


--
-- Data for Name: teams_countyregistration; Type: TABLE DATA; Schema: public; Owner: mkj_user
--

COPY public.teams_countyregistration (id, county, status, mpesa_reference, bank_slip, payment_amount, payment_submitted_at, approved_at, rejection_reason, created_at, updated_at, approved_by_id, user_id, director_name, director_phone, bank_reference, mpesa_checkout_id, mpesa_phone, payment_method) FROM stdin;
2	Makueni	approved			\N	\N	2026-03-23 10:28:21.415743+03		2026-03-23 10:28:21.416376+03	2026-03-23 10:28:21.416383+03	\N	2	romeo ndelevi	+254704516788				
\.


--
-- Data for Name: teams_player; Type: TABLE DATA; Schema: public; Owner: mkj_user
--

COPY public.teams_player (id, first_name, last_name, date_of_birth, "position", shirt_number, photo, status, registered_at, team_id, birth_certificate, id_document, rejection_notes, rejection_reason, verification_status, verified_at, verified_by_id, birth_cert_number, national_id_number, fifa_connect_checked_at, fifa_connect_checked_by_id, fifa_connect_id, fifa_connect_leagues, fifa_connect_notes, fifa_connect_status, huduma_notes, huduma_reference, huduma_status, huduma_verified_at, huduma_verified_by_id) FROM stdin;
1	JOY	KADEGE	2004-10-02	CM	1	county_players/photos/Screenshot_2026-03-13_130638.png	eligible	2026-03-19 21:25:10.786+03	1	county_players/birth_certs/Screenshot_2026-03-17_100319.png	county_players/ids/Screenshot_2026-03-17_100319.png			verified	2026-03-20 17:23:21.656+03	\N		5464546373773	\N	\N		[]		clear			verified	2026-03-19 21:25:02.852+03	\N
2	mike	muendo	2003-01-02	CM	2	county_players/photos/Screenshot_2026-03-17_100319.png	eligible	2026-03-20 17:23:21.666+03	1	county_players/birth_certs/Screenshot_2026-03-17_100319_n5C6BTR.png	county_players/ids/Screenshot_2026-03-13_130638.png			verified	2026-03-20 17:23:21.666+03	\N		67676767	\N	\N		[]		clear			verified	2026-03-20 17:22:55.8+03	\N
3	ken	katana	2002-12-31	CM	6	county_players/photos/Screenshot_2026-03-17_100319_5nfk9So.png	eligible	2026-03-20 22:02:24.327+03	11	county_players/birth_certs/Screenshot_2.png	county_players/ids/Screenshot_3.png			verified	2026-03-20 22:02:24.326+03	\N		3454657363	\N	\N		[]		clear			verified	2026-03-20 22:02:11.493+03	\N
\.


--
-- Data for Name: teams_playerverificationlog; Type: TABLE DATA; Schema: public; Owner: mkj_user
--

COPY public.teams_playerverificationlog (id, step, action, result, details, notes, performed_at, performed_by_id, player_id) FROM stdin;
\.


--
-- Data for Name: teams_scoutreport; Type: TABLE DATA; Schema: public; Owner: mkj_user
--

COPY public.teams_scoutreport (id, sport_type, criteria_scores, overall_rating, strengths, weaknesses, recommendation, notes, minutes_observed, created_at, updated_at, fixture_id, player_id, scout_id) FROM stdin;
\.


--
-- Data for Name: teams_scoutshortlist; Type: TABLE DATA; Schema: public; Owner: mkj_user
--

COPY public.teams_scoutshortlist (id, rating, notes, created_at, updated_at, player_id, scout_id) FROM stdin;
\.


--
-- Data for Name: teams_team; Type: TABLE DATA; Schema: public; Owner: mkj_user
--

COPY public.teams_team (id, name, county_id, status, badge, home_colour, away_colour, contact_phone, contact_email, registered_at, updated_at, competition_id, manager_id, sport_type, payment_amount, payment_confirmed, payment_confirmed_at, payment_confirmed_by_id, payment_reference, county_logo, away_gk_colour, away_kit_image, away_outfield_colour, away_shorts_colour, away_socks_colour, home_gk_colour, home_kit_image, home_outfield_colour, home_shorts_colour, home_socks_colour, third_gk_colour, third_kit_image, third_outfield_colour, third_shorts_colour, third_socks_colour, source_discipline_id, sub_county) FROM stdin;
1	Kaiti Football (Men)	23	registered				+254704516788	romeo@gmail.com	2026-03-19 20:44:40.166+03	2026-03-19 20:44:40.166+03	\N	4	football_men	0.00	t	2026-03-19 20:44:40.163+03	\N																		\N	Kaiti
2	Kaiti Volleyball (Men)	23	registered				+254704516788	romeo@gmail.com	2026-03-20 14:57:27.82+03	2026-03-20 14:57:27.82+03	\N	5	volleyball_men	0.00	t	2026-03-20 14:57:27.817+03	\N																		\N	Kaiti
3	Kaiti Handball (Men)	23	registered				+254704516788	romeo@gmail.com	2026-03-20 14:57:40.496+03	2026-03-20 14:57:40.496+03	\N	\N	handball_men	0.00	t	2026-03-20 14:57:40.493+03	\N																		\N	Kaiti
4	Kaiti Volleyball (Women)	23	registered				+254704516788	romeo@gmail.com	2026-03-20 14:57:53.928+03	2026-03-20 14:57:53.928+03	\N	\N	volleyball_women	0.00	t	2026-03-20 14:57:53.926+03	\N																		\N	Kaiti
5	Kaiti Basketball 3x3 (Women)	23	registered				+254704516788	romeo@gmail.com	2026-03-20 14:58:14.626+03	2026-03-20 14:58:14.626+03	\N	\N	basketball_3x3_women	0.00	t	2026-03-20 14:58:14.622+03	\N																		\N	Kaiti
6	Kaiti Handball (Women)	23	registered				+254704516788	romeo@gmail.com	2026-03-20 14:58:28.552+03	2026-03-20 14:58:28.552+03	\N	\N	handball_women	0.00	t	2026-03-20 14:58:28.549+03	\N																		\N	Kaiti
7	Kaiti Basketball 5x5 (Men)	23	registered				+254704516788	romeo@gmail.com	2026-03-20 16:03:10.429+03	2026-03-20 16:03:10.429+03	\N	\N	basketball_men	0.00	t	2026-03-20 16:03:10.426+03	\N																		\N	Kaiti
8	Kaiti Basketball 3x3 (Men)	23	registered				+254704516788	romeo@gmail.com	2026-03-20 19:15:08.32+03	2026-03-20 19:15:08.32+03	\N	\N	basketball_3x3_men	0.00	t	2026-03-20 19:15:08.304+03	\N																		\N	Kaiti
9	Kaiti Soccer (Women)	23	registered				+254704516788	romeo@gmail.com	2026-03-20 19:15:27+03	2026-03-20 19:15:27+03	\N	\N	football_women	0.00	t	2026-03-20 19:15:26.998+03	\N																		\N	Kaiti
10	Kaiti Basketball 5x5 (Women)	23	registered				+254704516788	romeo@gmail.com	2026-03-20 19:15:31.152+03	2026-03-20 19:15:31.152+03	\N	\N	basketball_women	0.00	t	2026-03-20 19:15:31.15+03	\N																		\N	Kaiti
11	Kilome Soccer (Men)	23	registered				+254704516788	romeo@gmail.com	2026-03-20 21:59:30.174+03	2026-03-20 21:59:30.174+03	\N	\N	football_men	0.00	t	2026-03-20 21:59:30.171+03	\N																		\N	Kilome
12	Kilome Volleyball (Men)	23	registered				+254704516788	romeo@gmail.com	2026-03-20 21:59:36.321+03	2026-03-20 21:59:36.321+03	\N	\N	volleyball_men	0.00	t	2026-03-20 21:59:36.319+03	\N																		\N	Kilome
\.


--
-- Data for Name: teams_technicalbenchmember; Type: TABLE DATA; Schema: public; Owner: mkj_user
--

COPY public.teams_technicalbenchmember (id, role, first_name, last_name, email, phone, national_id_number, photo, id_document, created_at, updated_at, discipline_id, user_id) FROM stdin;
\.


--
-- Data for Name: token_blacklist_blacklistedtoken; Type: TABLE DATA; Schema: public; Owner: mkj_user
--

COPY public.token_blacklist_blacklistedtoken (id, blacklisted_at, token_id) FROM stdin;
\.


--
-- Data for Name: token_blacklist_outstandingtoken; Type: TABLE DATA; Schema: public; Owner: mkj_user
--

COPY public.token_blacklist_outstandingtoken (id, token, created_at, expires_at, user_id, jti) FROM stdin;
\.


--
-- Name: accounts_user_groups_id_seq; Type: SEQUENCE SET; Schema: public; Owner: mkj_user
--

SELECT pg_catalog.setval('public.accounts_user_groups_id_seq', 1, false);


--
-- Name: accounts_user_id_seq; Type: SEQUENCE SET; Schema: public; Owner: mkj_user
--

SELECT pg_catalog.setval('public.accounts_user_id_seq', 10, true);


--
-- Name: accounts_user_user_permissions_id_seq; Type: SEQUENCE SET; Schema: public; Owner: mkj_user
--

SELECT pg_catalog.setval('public.accounts_user_user_permissions_id_seq', 1, false);


--
-- Name: admin_dashboard_activitylog_id_seq; Type: SEQUENCE SET; Schema: public; Owner: mkj_user
--

SELECT pg_catalog.setval('public.admin_dashboard_activitylog_id_seq', 164, true);


--
-- Name: appeals_appeal_id_seq; Type: SEQUENCE SET; Schema: public; Owner: mkj_user
--

SELECT pg_catalog.setval('public.appeals_appeal_id_seq', 1, false);


--
-- Name: appeals_appealevidence_id_seq; Type: SEQUENCE SET; Schema: public; Owner: mkj_user
--

SELECT pg_catalog.setval('public.appeals_appealevidence_id_seq', 1, false);


--
-- Name: appeals_appealresponse_id_seq; Type: SEQUENCE SET; Schema: public; Owner: mkj_user
--

SELECT pg_catalog.setval('public.appeals_appealresponse_id_seq', 1, false);


--
-- Name: appeals_decisionevidence_id_seq; Type: SEQUENCE SET; Schema: public; Owner: mkj_user
--

SELECT pg_catalog.setval('public.appeals_decisionevidence_id_seq', 1, false);


--
-- Name: appeals_hearingschedule_id_seq; Type: SEQUENCE SET; Schema: public; Owner: mkj_user
--

SELECT pg_catalog.setval('public.appeals_hearingschedule_id_seq', 1, false);


--
-- Name: appeals_jurydecision_id_seq; Type: SEQUENCE SET; Schema: public; Owner: mkj_user
--

SELECT pg_catalog.setval('public.appeals_jurydecision_id_seq', 1, false);


--
-- Name: appeals_responseevidence_id_seq; Type: SEQUENCE SET; Schema: public; Owner: mkj_user
--

SELECT pg_catalog.setval('public.appeals_responseevidence_id_seq', 1, false);


--
-- Name: auth_group_id_seq; Type: SEQUENCE SET; Schema: public; Owner: mkj_user
--

SELECT pg_catalog.setval('public.auth_group_id_seq', 1, false);


--
-- Name: auth_group_permissions_id_seq; Type: SEQUENCE SET; Schema: public; Owner: mkj_user
--

SELECT pg_catalog.setval('public.auth_group_permissions_id_seq', 1, false);


--
-- Name: auth_permission_id_seq; Type: SEQUENCE SET; Schema: public; Owner: mkj_user
--

SELECT pg_catalog.setval('public.auth_permission_id_seq', 204, true);


--
-- Name: competitions_competition_id_seq; Type: SEQUENCE SET; Schema: public; Owner: mkj_user
--

SELECT pg_catalog.setval('public.competitions_competition_id_seq', 1, true);


--
-- Name: competitions_fixture_id_seq; Type: SEQUENCE SET; Schema: public; Owner: mkj_user
--

SELECT pg_catalog.setval('public.competitions_fixture_id_seq', 1, true);


--
-- Name: competitions_pool_id_seq; Type: SEQUENCE SET; Schema: public; Owner: mkj_user
--

SELECT pg_catalog.setval('public.competitions_pool_id_seq', 1, true);


--
-- Name: competitions_poolteam_id_seq; Type: SEQUENCE SET; Schema: public; Owner: mkj_user
--

SELECT pg_catalog.setval('public.competitions_poolteam_id_seq', 2, true);


--
-- Name: competitions_venue_id_seq; Type: SEQUENCE SET; Schema: public; Owner: mkj_user
--

SELECT pg_catalog.setval('public.competitions_venue_id_seq', 1, false);


--
-- Name: django_admin_log_id_seq; Type: SEQUENCE SET; Schema: public; Owner: mkj_user
--

SELECT pg_catalog.setval('public.django_admin_log_id_seq', 1, true);


--
-- Name: django_content_type_id_seq; Type: SEQUENCE SET; Schema: public; Owner: mkj_user
--

SELECT pg_catalog.setval('public.django_content_type_id_seq', 51, true);


--
-- Name: django_migrations_id_seq; Type: SEQUENCE SET; Schema: public; Owner: mkj_user
--

SELECT pg_catalog.setval('public.django_migrations_id_seq', 101, true);


--
-- Name: matches_matchevent_id_seq; Type: SEQUENCE SET; Schema: public; Owner: mkj_user
--

SELECT pg_catalog.setval('public.matches_matchevent_id_seq', 1, false);


--
-- Name: matches_matchreport_id_seq; Type: SEQUENCE SET; Schema: public; Owner: mkj_user
--

SELECT pg_catalog.setval('public.matches_matchreport_id_seq', 1, false);


--
-- Name: matches_periodscore_id_seq; Type: SEQUENCE SET; Schema: public; Owner: mkj_user
--

SELECT pg_catalog.setval('public.matches_periodscore_id_seq', 1, false);


--
-- Name: matches_playerstatistics_id_seq; Type: SEQUENCE SET; Schema: public; Owner: mkj_user
--

SELECT pg_catalog.setval('public.matches_playerstatistics_id_seq', 1, false);


--
-- Name: matches_squadplayer_id_seq; Type: SEQUENCE SET; Schema: public; Owner: mkj_user
--

SELECT pg_catalog.setval('public.matches_squadplayer_id_seq', 1, false);


--
-- Name: matches_squadsubmission_id_seq; Type: SEQUENCE SET; Schema: public; Owner: mkj_user
--

SELECT pg_catalog.setval('public.matches_squadsubmission_id_seq', 1, false);


--
-- Name: matches_substitutionrequest_id_seq; Type: SEQUENCE SET; Schema: public; Owner: mkj_user
--

SELECT pg_catalog.setval('public.matches_substitutionrequest_id_seq', 1, false);


--
-- Name: news_media_galleryalbum_id_seq; Type: SEQUENCE SET; Schema: public; Owner: mkj_user
--

SELECT pg_catalog.setval('public.news_media_galleryalbum_id_seq', 1, false);


--
-- Name: news_media_galleryimage_id_seq; Type: SEQUENCE SET; Schema: public; Owner: mkj_user
--

SELECT pg_catalog.setval('public.news_media_galleryimage_id_seq', 1, false);


--
-- Name: news_media_newsarticle_id_seq; Type: SEQUENCE SET; Schema: public; Owner: mkj_user
--

SELECT pg_catalog.setval('public.news_media_newsarticle_id_seq', 1, false);


--
-- Name: news_media_newscategory_id_seq; Type: SEQUENCE SET; Schema: public; Owner: mkj_user
--

SELECT pg_catalog.setval('public.news_media_newscategory_id_seq', 1, false);


--
-- Name: news_media_video_id_seq; Type: SEQUENCE SET; Schema: public; Owner: mkj_user
--

SELECT pg_catalog.setval('public.news_media_video_id_seq', 1, false);


--
-- Name: referees_refereeappointment_id_seq; Type: SEQUENCE SET; Schema: public; Owner: mkj_user
--

SELECT pg_catalog.setval('public.referees_refereeappointment_id_seq', 1, false);


--
-- Name: referees_refereeavailability_id_seq; Type: SEQUENCE SET; Schema: public; Owner: mkj_user
--

SELECT pg_catalog.setval('public.referees_refereeavailability_id_seq', 1, false);


--
-- Name: referees_refereecertification_id_seq; Type: SEQUENCE SET; Schema: public; Owner: mkj_user
--

SELECT pg_catalog.setval('public.referees_refereecertification_id_seq', 1, false);


--
-- Name: referees_refereeprofile_id_seq; Type: SEQUENCE SET; Schema: public; Owner: mkj_user
--

SELECT pg_catalog.setval('public.referees_refereeprofile_id_seq', 1, true);


--
-- Name: referees_refereereview_id_seq; Type: SEQUENCE SET; Schema: public; Owner: mkj_user
--

SELECT pg_catalog.setval('public.referees_refereereview_id_seq', 1, false);


--
-- Name: teams_county_id_seq; Type: SEQUENCE SET; Schema: public; Owner: mkj_user
--

SELECT pg_catalog.setval('public.teams_county_id_seq', 47, true);


--
-- Name: teams_countydelegationmember_id_seq; Type: SEQUENCE SET; Schema: public; Owner: mkj_user
--

SELECT pg_catalog.setval('public.teams_countydelegationmember_id_seq', 1, false);


--
-- Name: teams_countydiscipline_id_seq; Type: SEQUENCE SET; Schema: public; Owner: mkj_user
--

SELECT pg_catalog.setval('public.teams_countydiscipline_id_seq', 12, true);


--
-- Name: teams_countyplayer_id_seq; Type: SEQUENCE SET; Schema: public; Owner: mkj_user
--

SELECT pg_catalog.setval('public.teams_countyplayer_id_seq', 3, true);


--
-- Name: teams_countyregistration_id_seq; Type: SEQUENCE SET; Schema: public; Owner: mkj_user
--

SELECT pg_catalog.setval('public.teams_countyregistration_id_seq', 2, true);


--
-- Name: teams_player_id_seq; Type: SEQUENCE SET; Schema: public; Owner: mkj_user
--

SELECT pg_catalog.setval('public.teams_player_id_seq', 3, true);


--
-- Name: teams_playerverificationlog_id_seq; Type: SEQUENCE SET; Schema: public; Owner: mkj_user
--

SELECT pg_catalog.setval('public.teams_playerverificationlog_id_seq', 1, false);


--
-- Name: teams_scoutreport_id_seq; Type: SEQUENCE SET; Schema: public; Owner: mkj_user
--

SELECT pg_catalog.setval('public.teams_scoutreport_id_seq', 1, false);


--
-- Name: teams_scoutshortlist_id_seq; Type: SEQUENCE SET; Schema: public; Owner: mkj_user
--

SELECT pg_catalog.setval('public.teams_scoutshortlist_id_seq', 1, false);


--
-- Name: teams_team_id_seq; Type: SEQUENCE SET; Schema: public; Owner: mkj_user
--

SELECT pg_catalog.setval('public.teams_team_id_seq', 12, true);


--
-- Name: teams_technicalbenchmember_id_seq; Type: SEQUENCE SET; Schema: public; Owner: mkj_user
--

SELECT pg_catalog.setval('public.teams_technicalbenchmember_id_seq', 3, true);


--
-- Name: token_blacklist_blacklistedtoken_id_seq; Type: SEQUENCE SET; Schema: public; Owner: mkj_user
--

SELECT pg_catalog.setval('public.token_blacklist_blacklistedtoken_id_seq', 1, false);


--
-- Name: token_blacklist_outstandingtoken_id_seq; Type: SEQUENCE SET; Schema: public; Owner: mkj_user
--

SELECT pg_catalog.setval('public.token_blacklist_outstandingtoken_id_seq', 1, false);


--
-- Name: accounts_user accounts_user_email_key; Type: CONSTRAINT; Schema: public; Owner: mkj_user
--

ALTER TABLE ONLY public.accounts_user
    ADD CONSTRAINT accounts_user_email_key UNIQUE (email);


--
-- Name: accounts_user_groups accounts_user_groups_pkey; Type: CONSTRAINT; Schema: public; Owner: mkj_user
--

ALTER TABLE ONLY public.accounts_user_groups
    ADD CONSTRAINT accounts_user_groups_pkey PRIMARY KEY (id);


--
-- Name: accounts_user_groups accounts_user_groups_user_id_group_id_59c0b32f_uniq; Type: CONSTRAINT; Schema: public; Owner: mkj_user
--

ALTER TABLE ONLY public.accounts_user_groups
    ADD CONSTRAINT accounts_user_groups_user_id_group_id_59c0b32f_uniq UNIQUE (user_id, group_id);


--
-- Name: accounts_user accounts_user_pkey; Type: CONSTRAINT; Schema: public; Owner: mkj_user
--

ALTER TABLE ONLY public.accounts_user
    ADD CONSTRAINT accounts_user_pkey PRIMARY KEY (id);


--
-- Name: accounts_user_user_permissions accounts_user_user_permi_user_id_permission_id_2ab516c2_uniq; Type: CONSTRAINT; Schema: public; Owner: mkj_user
--

ALTER TABLE ONLY public.accounts_user_user_permissions
    ADD CONSTRAINT accounts_user_user_permi_user_id_permission_id_2ab516c2_uniq UNIQUE (user_id, permission_id);


--
-- Name: accounts_user_user_permissions accounts_user_user_permissions_pkey; Type: CONSTRAINT; Schema: public; Owner: mkj_user
--

ALTER TABLE ONLY public.accounts_user_user_permissions
    ADD CONSTRAINT accounts_user_user_permissions_pkey PRIMARY KEY (id);


--
-- Name: admin_dashboard_activitylog admin_dashboard_activitylog_pkey; Type: CONSTRAINT; Schema: public; Owner: mkj_user
--

ALTER TABLE ONLY public.admin_dashboard_activitylog
    ADD CONSTRAINT admin_dashboard_activitylog_pkey PRIMARY KEY (id);


--
-- Name: appeals_appeal appeals_appeal_pkey; Type: CONSTRAINT; Schema: public; Owner: mkj_user
--

ALTER TABLE ONLY public.appeals_appeal
    ADD CONSTRAINT appeals_appeal_pkey PRIMARY KEY (id);


--
-- Name: appeals_appealevidence appeals_appealevidence_pkey; Type: CONSTRAINT; Schema: public; Owner: mkj_user
--

ALTER TABLE ONLY public.appeals_appealevidence
    ADD CONSTRAINT appeals_appealevidence_pkey PRIMARY KEY (id);


--
-- Name: appeals_appealresponse appeals_appealresponse_appeal_id_key; Type: CONSTRAINT; Schema: public; Owner: mkj_user
--

ALTER TABLE ONLY public.appeals_appealresponse
    ADD CONSTRAINT appeals_appealresponse_appeal_id_key UNIQUE (appeal_id);


--
-- Name: appeals_appealresponse appeals_appealresponse_pkey; Type: CONSTRAINT; Schema: public; Owner: mkj_user
--

ALTER TABLE ONLY public.appeals_appealresponse
    ADD CONSTRAINT appeals_appealresponse_pkey PRIMARY KEY (id);


--
-- Name: appeals_decisionevidence appeals_decisionevidence_pkey; Type: CONSTRAINT; Schema: public; Owner: mkj_user
--

ALTER TABLE ONLY public.appeals_decisionevidence
    ADD CONSTRAINT appeals_decisionevidence_pkey PRIMARY KEY (id);


--
-- Name: appeals_hearingschedule appeals_hearingschedule_pkey; Type: CONSTRAINT; Schema: public; Owner: mkj_user
--

ALTER TABLE ONLY public.appeals_hearingschedule
    ADD CONSTRAINT appeals_hearingschedule_pkey PRIMARY KEY (id);


--
-- Name: appeals_jurydecision appeals_jurydecision_pkey; Type: CONSTRAINT; Schema: public; Owner: mkj_user
--

ALTER TABLE ONLY public.appeals_jurydecision
    ADD CONSTRAINT appeals_jurydecision_pkey PRIMARY KEY (id);


--
-- Name: appeals_responseevidence appeals_responseevidence_pkey; Type: CONSTRAINT; Schema: public; Owner: mkj_user
--

ALTER TABLE ONLY public.appeals_responseevidence
    ADD CONSTRAINT appeals_responseevidence_pkey PRIMARY KEY (id);


--
-- Name: auth_group auth_group_name_key; Type: CONSTRAINT; Schema: public; Owner: mkj_user
--

ALTER TABLE ONLY public.auth_group
    ADD CONSTRAINT auth_group_name_key UNIQUE (name);


--
-- Name: auth_group_permissions auth_group_permissions_group_id_permission_id_0cd325b0_uniq; Type: CONSTRAINT; Schema: public; Owner: mkj_user
--

ALTER TABLE ONLY public.auth_group_permissions
    ADD CONSTRAINT auth_group_permissions_group_id_permission_id_0cd325b0_uniq UNIQUE (group_id, permission_id);


--
-- Name: auth_group_permissions auth_group_permissions_pkey; Type: CONSTRAINT; Schema: public; Owner: mkj_user
--

ALTER TABLE ONLY public.auth_group_permissions
    ADD CONSTRAINT auth_group_permissions_pkey PRIMARY KEY (id);


--
-- Name: auth_group auth_group_pkey; Type: CONSTRAINT; Schema: public; Owner: mkj_user
--

ALTER TABLE ONLY public.auth_group
    ADD CONSTRAINT auth_group_pkey PRIMARY KEY (id);


--
-- Name: auth_permission auth_permission_content_type_id_codename_01ab375a_uniq; Type: CONSTRAINT; Schema: public; Owner: mkj_user
--

ALTER TABLE ONLY public.auth_permission
    ADD CONSTRAINT auth_permission_content_type_id_codename_01ab375a_uniq UNIQUE (content_type_id, codename);


--
-- Name: auth_permission auth_permission_pkey; Type: CONSTRAINT; Schema: public; Owner: mkj_user
--

ALTER TABLE ONLY public.auth_permission
    ADD CONSTRAINT auth_permission_pkey PRIMARY KEY (id);


--
-- Name: competitions_competition competitions_competition_name_key; Type: CONSTRAINT; Schema: public; Owner: mkj_user
--

ALTER TABLE ONLY public.competitions_competition
    ADD CONSTRAINT competitions_competition_name_key UNIQUE (name);


--
-- Name: competitions_competition competitions_competition_pkey; Type: CONSTRAINT; Schema: public; Owner: mkj_user
--

ALTER TABLE ONLY public.competitions_competition
    ADD CONSTRAINT competitions_competition_pkey PRIMARY KEY (id);


--
-- Name: competitions_fixture competitions_fixture_pkey; Type: CONSTRAINT; Schema: public; Owner: mkj_user
--

ALTER TABLE ONLY public.competitions_fixture
    ADD CONSTRAINT competitions_fixture_pkey PRIMARY KEY (id);


--
-- Name: competitions_pool competitions_pool_competition_id_name_d4d73a8d_uniq; Type: CONSTRAINT; Schema: public; Owner: mkj_user
--

ALTER TABLE ONLY public.competitions_pool
    ADD CONSTRAINT competitions_pool_competition_id_name_d4d73a8d_uniq UNIQUE (competition_id, name);


--
-- Name: competitions_pool competitions_pool_pkey; Type: CONSTRAINT; Schema: public; Owner: mkj_user
--

ALTER TABLE ONLY public.competitions_pool
    ADD CONSTRAINT competitions_pool_pkey PRIMARY KEY (id);


--
-- Name: competitions_poolteam competitions_poolteam_pkey; Type: CONSTRAINT; Schema: public; Owner: mkj_user
--

ALTER TABLE ONLY public.competitions_poolteam
    ADD CONSTRAINT competitions_poolteam_pkey PRIMARY KEY (id);


--
-- Name: competitions_poolteam competitions_poolteam_pool_id_team_id_ae0d4fd8_uniq; Type: CONSTRAINT; Schema: public; Owner: mkj_user
--

ALTER TABLE ONLY public.competitions_poolteam
    ADD CONSTRAINT competitions_poolteam_pool_id_team_id_ae0d4fd8_uniq UNIQUE (pool_id, team_id);


--
-- Name: competitions_venue competitions_venue_pkey; Type: CONSTRAINT; Schema: public; Owner: mkj_user
--

ALTER TABLE ONLY public.competitions_venue
    ADD CONSTRAINT competitions_venue_pkey PRIMARY KEY (id);


--
-- Name: django_admin_log django_admin_log_pkey; Type: CONSTRAINT; Schema: public; Owner: mkj_user
--

ALTER TABLE ONLY public.django_admin_log
    ADD CONSTRAINT django_admin_log_pkey PRIMARY KEY (id);


--
-- Name: django_content_type django_content_type_app_label_model_76bd3d3b_uniq; Type: CONSTRAINT; Schema: public; Owner: mkj_user
--

ALTER TABLE ONLY public.django_content_type
    ADD CONSTRAINT django_content_type_app_label_model_76bd3d3b_uniq UNIQUE (app_label, model);


--
-- Name: django_content_type django_content_type_pkey; Type: CONSTRAINT; Schema: public; Owner: mkj_user
--

ALTER TABLE ONLY public.django_content_type
    ADD CONSTRAINT django_content_type_pkey PRIMARY KEY (id);


--
-- Name: django_migrations django_migrations_pkey; Type: CONSTRAINT; Schema: public; Owner: mkj_user
--

ALTER TABLE ONLY public.django_migrations
    ADD CONSTRAINT django_migrations_pkey PRIMARY KEY (id);


--
-- Name: django_session django_session_pkey; Type: CONSTRAINT; Schema: public; Owner: mkj_user
--

ALTER TABLE ONLY public.django_session
    ADD CONSTRAINT django_session_pkey PRIMARY KEY (session_key);


--
-- Name: matches_matchevent matches_matchevent_pkey; Type: CONSTRAINT; Schema: public; Owner: mkj_user
--

ALTER TABLE ONLY public.matches_matchevent
    ADD CONSTRAINT matches_matchevent_pkey PRIMARY KEY (id);


--
-- Name: matches_matchreport matches_matchreport_fixture_id_key; Type: CONSTRAINT; Schema: public; Owner: mkj_user
--

ALTER TABLE ONLY public.matches_matchreport
    ADD CONSTRAINT matches_matchreport_fixture_id_key UNIQUE (fixture_id);


--
-- Name: matches_matchreport matches_matchreport_pkey; Type: CONSTRAINT; Schema: public; Owner: mkj_user
--

ALTER TABLE ONLY public.matches_matchreport
    ADD CONSTRAINT matches_matchreport_pkey PRIMARY KEY (id);


--
-- Name: matches_periodscore matches_periodscore_pkey; Type: CONSTRAINT; Schema: public; Owner: mkj_user
--

ALTER TABLE ONLY public.matches_periodscore
    ADD CONSTRAINT matches_periodscore_pkey PRIMARY KEY (id);


--
-- Name: matches_periodscore matches_periodscore_report_id_period_number_77efd48b_uniq; Type: CONSTRAINT; Schema: public; Owner: mkj_user
--

ALTER TABLE ONLY public.matches_periodscore
    ADD CONSTRAINT matches_periodscore_report_id_period_number_77efd48b_uniq UNIQUE (report_id, period_number);


--
-- Name: matches_playerstatistics matches_playerstatistics_pkey; Type: CONSTRAINT; Schema: public; Owner: mkj_user
--

ALTER TABLE ONLY public.matches_playerstatistics
    ADD CONSTRAINT matches_playerstatistics_pkey PRIMARY KEY (id);


--
-- Name: matches_playerstatistics matches_playerstatistics_player_id_competition_id_36e25603_uniq; Type: CONSTRAINT; Schema: public; Owner: mkj_user
--

ALTER TABLE ONLY public.matches_playerstatistics
    ADD CONSTRAINT matches_playerstatistics_player_id_competition_id_36e25603_uniq UNIQUE (player_id, competition_id);


--
-- Name: matches_squadplayer matches_squadplayer_pkey; Type: CONSTRAINT; Schema: public; Owner: mkj_user
--

ALTER TABLE ONLY public.matches_squadplayer
    ADD CONSTRAINT matches_squadplayer_pkey PRIMARY KEY (id);


--
-- Name: matches_squadplayer matches_squadplayer_submission_id_player_id_106c5116_uniq; Type: CONSTRAINT; Schema: public; Owner: mkj_user
--

ALTER TABLE ONLY public.matches_squadplayer
    ADD CONSTRAINT matches_squadplayer_submission_id_player_id_106c5116_uniq UNIQUE (submission_id, player_id);


--
-- Name: matches_squadsubmission matches_squadsubmission_fixture_id_team_id_b4abce66_uniq; Type: CONSTRAINT; Schema: public; Owner: mkj_user
--

ALTER TABLE ONLY public.matches_squadsubmission
    ADD CONSTRAINT matches_squadsubmission_fixture_id_team_id_b4abce66_uniq UNIQUE (fixture_id, team_id);


--
-- Name: matches_squadsubmission matches_squadsubmission_pkey; Type: CONSTRAINT; Schema: public; Owner: mkj_user
--

ALTER TABLE ONLY public.matches_squadsubmission
    ADD CONSTRAINT matches_squadsubmission_pkey PRIMARY KEY (id);


--
-- Name: matches_substitutionrequest matches_substitutionrequest_pkey; Type: CONSTRAINT; Schema: public; Owner: mkj_user
--

ALTER TABLE ONLY public.matches_substitutionrequest
    ADD CONSTRAINT matches_substitutionrequest_pkey PRIMARY KEY (id);


--
-- Name: news_media_galleryalbum news_media_galleryalbum_pkey; Type: CONSTRAINT; Schema: public; Owner: mkj_user
--

ALTER TABLE ONLY public.news_media_galleryalbum
    ADD CONSTRAINT news_media_galleryalbum_pkey PRIMARY KEY (id);


--
-- Name: news_media_galleryalbum news_media_galleryalbum_slug_key; Type: CONSTRAINT; Schema: public; Owner: mkj_user
--

ALTER TABLE ONLY public.news_media_galleryalbum
    ADD CONSTRAINT news_media_galleryalbum_slug_key UNIQUE (slug);


--
-- Name: news_media_galleryimage news_media_galleryimage_pkey; Type: CONSTRAINT; Schema: public; Owner: mkj_user
--

ALTER TABLE ONLY public.news_media_galleryimage
    ADD CONSTRAINT news_media_galleryimage_pkey PRIMARY KEY (id);


--
-- Name: news_media_newsarticle news_media_newsarticle_pkey; Type: CONSTRAINT; Schema: public; Owner: mkj_user
--

ALTER TABLE ONLY public.news_media_newsarticle
    ADD CONSTRAINT news_media_newsarticle_pkey PRIMARY KEY (id);


--
-- Name: news_media_newsarticle news_media_newsarticle_slug_key; Type: CONSTRAINT; Schema: public; Owner: mkj_user
--

ALTER TABLE ONLY public.news_media_newsarticle
    ADD CONSTRAINT news_media_newsarticle_slug_key UNIQUE (slug);


--
-- Name: news_media_newscategory news_media_newscategory_name_key; Type: CONSTRAINT; Schema: public; Owner: mkj_user
--

ALTER TABLE ONLY public.news_media_newscategory
    ADD CONSTRAINT news_media_newscategory_name_key UNIQUE (name);


--
-- Name: news_media_newscategory news_media_newscategory_pkey; Type: CONSTRAINT; Schema: public; Owner: mkj_user
--

ALTER TABLE ONLY public.news_media_newscategory
    ADD CONSTRAINT news_media_newscategory_pkey PRIMARY KEY (id);


--
-- Name: news_media_newscategory news_media_newscategory_slug_key; Type: CONSTRAINT; Schema: public; Owner: mkj_user
--

ALTER TABLE ONLY public.news_media_newscategory
    ADD CONSTRAINT news_media_newscategory_slug_key UNIQUE (slug);


--
-- Name: news_media_video news_media_video_pkey; Type: CONSTRAINT; Schema: public; Owner: mkj_user
--

ALTER TABLE ONLY public.news_media_video
    ADD CONSTRAINT news_media_video_pkey PRIMARY KEY (id);


--
-- Name: news_media_video news_media_video_slug_key; Type: CONSTRAINT; Schema: public; Owner: mkj_user
--

ALTER TABLE ONLY public.news_media_video
    ADD CONSTRAINT news_media_video_slug_key UNIQUE (slug);


--
-- Name: referees_refereeappointment referees_refereeappointm_fixture_id_referee_id_ro_6d2923a6_uniq; Type: CONSTRAINT; Schema: public; Owner: mkj_user
--

ALTER TABLE ONLY public.referees_refereeappointment
    ADD CONSTRAINT referees_refereeappointm_fixture_id_referee_id_ro_6d2923a6_uniq UNIQUE (fixture_id, referee_id, role);


--
-- Name: referees_refereeappointment referees_refereeappointment_pkey; Type: CONSTRAINT; Schema: public; Owner: mkj_user
--

ALTER TABLE ONLY public.referees_refereeappointment
    ADD CONSTRAINT referees_refereeappointment_pkey PRIMARY KEY (id);


--
-- Name: referees_refereeavailability referees_refereeavailability_pkey; Type: CONSTRAINT; Schema: public; Owner: mkj_user
--

ALTER TABLE ONLY public.referees_refereeavailability
    ADD CONSTRAINT referees_refereeavailability_pkey PRIMARY KEY (id);


--
-- Name: referees_refereeavailability referees_refereeavailability_referee_id_date_bfe59b58_uniq; Type: CONSTRAINT; Schema: public; Owner: mkj_user
--

ALTER TABLE ONLY public.referees_refereeavailability
    ADD CONSTRAINT referees_refereeavailability_referee_id_date_bfe59b58_uniq UNIQUE (referee_id, date);


--
-- Name: referees_refereecertification referees_refereecertification_pkey; Type: CONSTRAINT; Schema: public; Owner: mkj_user
--

ALTER TABLE ONLY public.referees_refereecertification
    ADD CONSTRAINT referees_refereecertification_pkey PRIMARY KEY (id);


--
-- Name: referees_refereeprofile referees_refereeprofile_license_number_key; Type: CONSTRAINT; Schema: public; Owner: mkj_user
--

ALTER TABLE ONLY public.referees_refereeprofile
    ADD CONSTRAINT referees_refereeprofile_license_number_key UNIQUE (license_number);


--
-- Name: referees_refereeprofile referees_refereeprofile_pkey; Type: CONSTRAINT; Schema: public; Owner: mkj_user
--

ALTER TABLE ONLY public.referees_refereeprofile
    ADD CONSTRAINT referees_refereeprofile_pkey PRIMARY KEY (id);


--
-- Name: referees_refereeprofile referees_refereeprofile_user_id_key; Type: CONSTRAINT; Schema: public; Owner: mkj_user
--

ALTER TABLE ONLY public.referees_refereeprofile
    ADD CONSTRAINT referees_refereeprofile_user_id_key UNIQUE (user_id);


--
-- Name: referees_refereereview referees_refereereview_pkey; Type: CONSTRAINT; Schema: public; Owner: mkj_user
--

ALTER TABLE ONLY public.referees_refereereview
    ADD CONSTRAINT referees_refereereview_pkey PRIMARY KEY (id);


--
-- Name: referees_refereereview referees_refereereview_referee_id_fixture_id_cd4294aa_uniq; Type: CONSTRAINT; Schema: public; Owner: mkj_user
--

ALTER TABLE ONLY public.referees_refereereview
    ADD CONSTRAINT referees_refereereview_referee_id_fixture_id_cd4294aa_uniq UNIQUE (referee_id, fixture_id);


--
-- Name: teams_county teams_county_code_key; Type: CONSTRAINT; Schema: public; Owner: mkj_user
--

ALTER TABLE ONLY public.teams_county
    ADD CONSTRAINT teams_county_code_key UNIQUE (code);


--
-- Name: teams_county teams_county_name_key; Type: CONSTRAINT; Schema: public; Owner: mkj_user
--

ALTER TABLE ONLY public.teams_county
    ADD CONSTRAINT teams_county_name_key UNIQUE (name);


--
-- Name: teams_county teams_county_pkey; Type: CONSTRAINT; Schema: public; Owner: mkj_user
--

ALTER TABLE ONLY public.teams_county
    ADD CONSTRAINT teams_county_pkey PRIMARY KEY (id);


--
-- Name: teams_countydelegationmember teams_countydelegationme_registration_id_national_98de08d0_uniq; Type: CONSTRAINT; Schema: public; Owner: mkj_user
--

ALTER TABLE ONLY public.teams_countydelegationmember
    ADD CONSTRAINT teams_countydelegationme_registration_id_national_98de08d0_uniq UNIQUE (registration_id, national_id_number);


--
-- Name: teams_countydelegationmember teams_countydelegationmember_pkey; Type: CONSTRAINT; Schema: public; Owner: mkj_user
--

ALTER TABLE ONLY public.teams_countydelegationmember
    ADD CONSTRAINT teams_countydelegationmember_pkey PRIMARY KEY (id);


--
-- Name: teams_countydelegationmember teams_countydelegationmember_user_id_key; Type: CONSTRAINT; Schema: public; Owner: mkj_user
--

ALTER TABLE ONLY public.teams_countydelegationmember
    ADD CONSTRAINT teams_countydelegationmember_user_id_key UNIQUE (user_id);


--
-- Name: teams_countydiscipline teams_countydiscipline_pkey; Type: CONSTRAINT; Schema: public; Owner: mkj_user
--

ALTER TABLE ONLY public.teams_countydiscipline
    ADD CONSTRAINT teams_countydiscipline_pkey PRIMARY KEY (id);


--
-- Name: teams_countydiscipline teams_countydiscipline_registration_id_sport_ty_83f0d47d_uniq; Type: CONSTRAINT; Schema: public; Owner: mkj_user
--

ALTER TABLE ONLY public.teams_countydiscipline
    ADD CONSTRAINT teams_countydiscipline_registration_id_sport_ty_83f0d47d_uniq UNIQUE (registration_id, sport_type, sub_county);


--
-- Name: teams_countyplayer teams_countyplayer_national_id_number_key; Type: CONSTRAINT; Schema: public; Owner: mkj_user
--

ALTER TABLE ONLY public.teams_countyplayer
    ADD CONSTRAINT teams_countyplayer_national_id_number_key UNIQUE (national_id_number);


--
-- Name: teams_countyplayer teams_countyplayer_pkey; Type: CONSTRAINT; Schema: public; Owner: mkj_user
--

ALTER TABLE ONLY public.teams_countyplayer
    ADD CONSTRAINT teams_countyplayer_pkey PRIMARY KEY (id);


--
-- Name: teams_countyregistration teams_countyregistration_county_key; Type: CONSTRAINT; Schema: public; Owner: mkj_user
--

ALTER TABLE ONLY public.teams_countyregistration
    ADD CONSTRAINT teams_countyregistration_county_key UNIQUE (county);


--
-- Name: teams_countyregistration teams_countyregistration_pkey; Type: CONSTRAINT; Schema: public; Owner: mkj_user
--

ALTER TABLE ONLY public.teams_countyregistration
    ADD CONSTRAINT teams_countyregistration_pkey PRIMARY KEY (id);


--
-- Name: teams_countyregistration teams_countyregistration_user_id_key; Type: CONSTRAINT; Schema: public; Owner: mkj_user
--

ALTER TABLE ONLY public.teams_countyregistration
    ADD CONSTRAINT teams_countyregistration_user_id_key UNIQUE (user_id);


--
-- Name: teams_player teams_player_pkey; Type: CONSTRAINT; Schema: public; Owner: mkj_user
--

ALTER TABLE ONLY public.teams_player
    ADD CONSTRAINT teams_player_pkey PRIMARY KEY (id);


--
-- Name: teams_player teams_player_team_id_shirt_number_b4927407_uniq; Type: CONSTRAINT; Schema: public; Owner: mkj_user
--

ALTER TABLE ONLY public.teams_player
    ADD CONSTRAINT teams_player_team_id_shirt_number_b4927407_uniq UNIQUE (team_id, shirt_number);


--
-- Name: teams_playerverificationlog teams_playerverificationlog_pkey; Type: CONSTRAINT; Schema: public; Owner: mkj_user
--

ALTER TABLE ONLY public.teams_playerverificationlog
    ADD CONSTRAINT teams_playerverificationlog_pkey PRIMARY KEY (id);


--
-- Name: teams_scoutreport teams_scoutreport_pkey; Type: CONSTRAINT; Schema: public; Owner: mkj_user
--

ALTER TABLE ONLY public.teams_scoutreport
    ADD CONSTRAINT teams_scoutreport_pkey PRIMARY KEY (id);


--
-- Name: teams_scoutreport teams_scoutreport_scout_id_player_id_fixture_id_4c0eee07_uniq; Type: CONSTRAINT; Schema: public; Owner: mkj_user
--

ALTER TABLE ONLY public.teams_scoutreport
    ADD CONSTRAINT teams_scoutreport_scout_id_player_id_fixture_id_4c0eee07_uniq UNIQUE (scout_id, player_id, fixture_id);


--
-- Name: teams_scoutshortlist teams_scoutshortlist_pkey; Type: CONSTRAINT; Schema: public; Owner: mkj_user
--

ALTER TABLE ONLY public.teams_scoutshortlist
    ADD CONSTRAINT teams_scoutshortlist_pkey PRIMARY KEY (id);


--
-- Name: teams_scoutshortlist teams_scoutshortlist_scout_id_player_id_54a85bca_uniq; Type: CONSTRAINT; Schema: public; Owner: mkj_user
--

ALTER TABLE ONLY public.teams_scoutshortlist
    ADD CONSTRAINT teams_scoutshortlist_scout_id_player_id_54a85bca_uniq UNIQUE (scout_id, player_id);


--
-- Name: teams_team teams_team_name_key; Type: CONSTRAINT; Schema: public; Owner: mkj_user
--

ALTER TABLE ONLY public.teams_team
    ADD CONSTRAINT teams_team_name_key UNIQUE (name);


--
-- Name: teams_team teams_team_pkey; Type: CONSTRAINT; Schema: public; Owner: mkj_user
--

ALTER TABLE ONLY public.teams_team
    ADD CONSTRAINT teams_team_pkey PRIMARY KEY (id);


--
-- Name: teams_team teams_team_source_discipline_id_key; Type: CONSTRAINT; Schema: public; Owner: mkj_user
--

ALTER TABLE ONLY public.teams_team
    ADD CONSTRAINT teams_team_source_discipline_id_key UNIQUE (source_discipline_id);


--
-- Name: teams_technicalbenchmember teams_technicalbenchmember_discipline_id_role_1997fa16_uniq; Type: CONSTRAINT; Schema: public; Owner: mkj_user
--

ALTER TABLE ONLY public.teams_technicalbenchmember
    ADD CONSTRAINT teams_technicalbenchmember_discipline_id_role_1997fa16_uniq UNIQUE (discipline_id, role);


--
-- Name: teams_technicalbenchmember teams_technicalbenchmember_pkey; Type: CONSTRAINT; Schema: public; Owner: mkj_user
--

ALTER TABLE ONLY public.teams_technicalbenchmember
    ADD CONSTRAINT teams_technicalbenchmember_pkey PRIMARY KEY (id);


--
-- Name: teams_technicalbenchmember teams_technicalbenchmember_user_id_key; Type: CONSTRAINT; Schema: public; Owner: mkj_user
--

ALTER TABLE ONLY public.teams_technicalbenchmember
    ADD CONSTRAINT teams_technicalbenchmember_user_id_key UNIQUE (user_id);


--
-- Name: token_blacklist_blacklistedtoken token_blacklist_blacklistedtoken_pkey; Type: CONSTRAINT; Schema: public; Owner: mkj_user
--

ALTER TABLE ONLY public.token_blacklist_blacklistedtoken
    ADD CONSTRAINT token_blacklist_blacklistedtoken_pkey PRIMARY KEY (id);


--
-- Name: token_blacklist_blacklistedtoken token_blacklist_blacklistedtoken_token_id_key; Type: CONSTRAINT; Schema: public; Owner: mkj_user
--

ALTER TABLE ONLY public.token_blacklist_blacklistedtoken
    ADD CONSTRAINT token_blacklist_blacklistedtoken_token_id_key UNIQUE (token_id);


--
-- Name: token_blacklist_outstandingtoken token_blacklist_outstandingtoken_jti_hex_d9bdf6f7_uniq; Type: CONSTRAINT; Schema: public; Owner: mkj_user
--

ALTER TABLE ONLY public.token_blacklist_outstandingtoken
    ADD CONSTRAINT token_blacklist_outstandingtoken_jti_hex_d9bdf6f7_uniq UNIQUE (jti);


--
-- Name: token_blacklist_outstandingtoken token_blacklist_outstandingtoken_pkey; Type: CONSTRAINT; Schema: public; Owner: mkj_user
--

ALTER TABLE ONLY public.token_blacklist_outstandingtoken
    ADD CONSTRAINT token_blacklist_outstandingtoken_pkey PRIMARY KEY (id);


--
-- Name: referees_refereeappointment unique_appointment_role_per_fixture; Type: CONSTRAINT; Schema: public; Owner: mkj_user
--

ALTER TABLE ONLY public.referees_refereeappointment
    ADD CONSTRAINT unique_appointment_role_per_fixture UNIQUE (fixture_id, role);


--
-- Name: accounts_user_email_b2644a56_like; Type: INDEX; Schema: public; Owner: mkj_user
--

CREATE INDEX accounts_user_email_b2644a56_like ON public.accounts_user USING btree (email varchar_pattern_ops);


--
-- Name: accounts_user_groups_group_id_bd11a704; Type: INDEX; Schema: public; Owner: mkj_user
--

CREATE INDEX accounts_user_groups_group_id_bd11a704 ON public.accounts_user_groups USING btree (group_id);


--
-- Name: accounts_user_groups_user_id_52b62117; Type: INDEX; Schema: public; Owner: mkj_user
--

CREATE INDEX accounts_user_groups_user_id_52b62117 ON public.accounts_user_groups USING btree (user_id);


--
-- Name: accounts_user_user_permissions_permission_id_113bb443; Type: INDEX; Schema: public; Owner: mkj_user
--

CREATE INDEX accounts_user_user_permissions_permission_id_113bb443 ON public.accounts_user_user_permissions USING btree (permission_id);


--
-- Name: accounts_user_user_permissions_user_id_e4f0a161; Type: INDEX; Schema: public; Owner: mkj_user
--

CREATE INDEX accounts_user_user_permissions_user_id_e4f0a161 ON public.accounts_user_user_permissions USING btree (user_id);


--
-- Name: admin_dashb_action_3582d7_idx; Type: INDEX; Schema: public; Owner: mkj_user
--

CREATE INDEX admin_dashb_action_3582d7_idx ON public.admin_dashboard_activitylog USING btree (action, "timestamp" DESC);


--
-- Name: admin_dashb_timesta_1223ee_idx; Type: INDEX; Schema: public; Owner: mkj_user
--

CREATE INDEX admin_dashb_timesta_1223ee_idx ON public.admin_dashboard_activitylog USING btree ("timestamp" DESC);


--
-- Name: admin_dashb_user_id_b4d50d_idx; Type: INDEX; Schema: public; Owner: mkj_user
--

CREATE INDEX admin_dashb_user_id_b4d50d_idx ON public.admin_dashboard_activitylog USING btree (user_id, "timestamp" DESC);


--
-- Name: admin_dashboard_activitylog_content_type_id_c44dce4b; Type: INDEX; Schema: public; Owner: mkj_user
--

CREATE INDEX admin_dashboard_activitylog_content_type_id_c44dce4b ON public.admin_dashboard_activitylog USING btree (content_type_id);


--
-- Name: admin_dashboard_activitylog_timestamp_73d74c50; Type: INDEX; Schema: public; Owner: mkj_user
--

CREATE INDEX admin_dashboard_activitylog_timestamp_73d74c50 ON public.admin_dashboard_activitylog USING btree ("timestamp");


--
-- Name: admin_dashboard_activitylog_undone_by_id_c7326313; Type: INDEX; Schema: public; Owner: mkj_user
--

CREATE INDEX admin_dashboard_activitylog_undone_by_id_c7326313 ON public.admin_dashboard_activitylog USING btree (undone_by_id);


--
-- Name: admin_dashboard_activitylog_user_id_7d161df3; Type: INDEX; Schema: public; Owner: mkj_user
--

CREATE INDEX admin_dashboard_activitylog_user_id_7d161df3 ON public.admin_dashboard_activitylog USING btree (user_id);


--
-- Name: appeals_appeal_appellant_team_id_c7b50dd3; Type: INDEX; Schema: public; Owner: mkj_user
--

CREATE INDEX appeals_appeal_appellant_team_id_c7b50dd3 ON public.appeals_appeal USING btree (appellant_team_id);


--
-- Name: appeals_appeal_appellant_user_id_137916ec; Type: INDEX; Schema: public; Owner: mkj_user
--

CREATE INDEX appeals_appeal_appellant_user_id_137916ec ON public.appeals_appeal USING btree (appellant_user_id);


--
-- Name: appeals_appeal_competition_id_e3016e46; Type: INDEX; Schema: public; Owner: mkj_user
--

CREATE INDEX appeals_appeal_competition_id_e3016e46 ON public.appeals_appeal USING btree (competition_id);


--
-- Name: appeals_appeal_fee_verified_by_id_0d9234e0; Type: INDEX; Schema: public; Owner: mkj_user
--

CREATE INDEX appeals_appeal_fee_verified_by_id_0d9234e0 ON public.appeals_appeal USING btree (fee_verified_by_id);


--
-- Name: appeals_appeal_match_id_db13a4a2; Type: INDEX; Schema: public; Owner: mkj_user
--

CREATE INDEX appeals_appeal_match_id_db13a4a2 ON public.appeals_appeal USING btree (match_id);


--
-- Name: appeals_appeal_original_appeal_id_7ac191f4; Type: INDEX; Schema: public; Owner: mkj_user
--

CREATE INDEX appeals_appeal_original_appeal_id_7ac191f4 ON public.appeals_appeal USING btree (original_appeal_id);


--
-- Name: appeals_appeal_respondent_team_id_1f508b1f; Type: INDEX; Schema: public; Owner: mkj_user
--

CREATE INDEX appeals_appeal_respondent_team_id_1f508b1f ON public.appeals_appeal USING btree (respondent_team_id);


--
-- Name: appeals_appealevidence_appeal_id_aad064d2; Type: INDEX; Schema: public; Owner: mkj_user
--

CREATE INDEX appeals_appealevidence_appeal_id_aad064d2 ON public.appeals_appealevidence USING btree (appeal_id);


--
-- Name: appeals_appealevidence_uploaded_by_id_5f9ed4ea; Type: INDEX; Schema: public; Owner: mkj_user
--

CREATE INDEX appeals_appealevidence_uploaded_by_id_5f9ed4ea ON public.appeals_appealevidence USING btree (uploaded_by_id);


--
-- Name: appeals_appealresponse_respondent_user_id_598b2128; Type: INDEX; Schema: public; Owner: mkj_user
--

CREATE INDEX appeals_appealresponse_respondent_user_id_598b2128 ON public.appeals_appealresponse USING btree (respondent_user_id);


--
-- Name: appeals_decisionevidence_decision_id_c00e11a3; Type: INDEX; Schema: public; Owner: mkj_user
--

CREATE INDEX appeals_decisionevidence_decision_id_c00e11a3 ON public.appeals_decisionevidence USING btree (decision_id);


--
-- Name: appeals_decisionevidence_uploaded_by_id_6ba6d1b3; Type: INDEX; Schema: public; Owner: mkj_user
--

CREATE INDEX appeals_decisionevidence_uploaded_by_id_6ba6d1b3 ON public.appeals_decisionevidence USING btree (uploaded_by_id);


--
-- Name: appeals_hearingschedule_appeal_id_81ce508e; Type: INDEX; Schema: public; Owner: mkj_user
--

CREATE INDEX appeals_hearingschedule_appeal_id_81ce508e ON public.appeals_hearingschedule USING btree (appeal_id);


--
-- Name: appeals_hearingschedule_scheduled_by_id_7ba859b2; Type: INDEX; Schema: public; Owner: mkj_user
--

CREATE INDEX appeals_hearingschedule_scheduled_by_id_7ba859b2 ON public.appeals_hearingschedule USING btree (scheduled_by_id);


--
-- Name: appeals_jurydecision_appeal_id_a4e3c87e; Type: INDEX; Schema: public; Owner: mkj_user
--

CREATE INDEX appeals_jurydecision_appeal_id_a4e3c87e ON public.appeals_jurydecision USING btree (appeal_id);


--
-- Name: appeals_jurydecision_decided_by_id_092dba30; Type: INDEX; Schema: public; Owner: mkj_user
--

CREATE INDEX appeals_jurydecision_decided_by_id_092dba30 ON public.appeals_jurydecision USING btree (decided_by_id);


--
-- Name: appeals_responseevidence_response_id_f8a705cc; Type: INDEX; Schema: public; Owner: mkj_user
--

CREATE INDEX appeals_responseevidence_response_id_f8a705cc ON public.appeals_responseevidence USING btree (response_id);


--
-- Name: appeals_responseevidence_uploaded_by_id_edd10350; Type: INDEX; Schema: public; Owner: mkj_user
--

CREATE INDEX appeals_responseevidence_uploaded_by_id_edd10350 ON public.appeals_responseevidence USING btree (uploaded_by_id);


--
-- Name: auth_group_name_a6ea08ec_like; Type: INDEX; Schema: public; Owner: mkj_user
--

CREATE INDEX auth_group_name_a6ea08ec_like ON public.auth_group USING btree (name varchar_pattern_ops);


--
-- Name: auth_group_permissions_group_id_b120cbf9; Type: INDEX; Schema: public; Owner: mkj_user
--

CREATE INDEX auth_group_permissions_group_id_b120cbf9 ON public.auth_group_permissions USING btree (group_id);


--
-- Name: auth_group_permissions_permission_id_84c5c92e; Type: INDEX; Schema: public; Owner: mkj_user
--

CREATE INDEX auth_group_permissions_permission_id_84c5c92e ON public.auth_group_permissions USING btree (permission_id);


--
-- Name: auth_permission_content_type_id_2f476e4b; Type: INDEX; Schema: public; Owner: mkj_user
--

CREATE INDEX auth_permission_content_type_id_2f476e4b ON public.auth_permission USING btree (content_type_id);


--
-- Name: competitions_competition_created_by_id_1b438bb8; Type: INDEX; Schema: public; Owner: mkj_user
--

CREATE INDEX competitions_competition_created_by_id_1b438bb8 ON public.competitions_competition USING btree (created_by_id);


--
-- Name: competitions_competition_name_47352a4b_like; Type: INDEX; Schema: public; Owner: mkj_user
--

CREATE INDEX competitions_competition_name_47352a4b_like ON public.competitions_competition USING btree (name varchar_pattern_ops);


--
-- Name: competitions_fixture_away_team_id_544e5f7d; Type: INDEX; Schema: public; Owner: mkj_user
--

CREATE INDEX competitions_fixture_away_team_id_544e5f7d ON public.competitions_fixture USING btree (away_team_id);


--
-- Name: competitions_fixture_competition_id_2c150628; Type: INDEX; Schema: public; Owner: mkj_user
--

CREATE INDEX competitions_fixture_competition_id_2c150628 ON public.competitions_fixture USING btree (competition_id);


--
-- Name: competitions_fixture_created_by_id_68f444ee; Type: INDEX; Schema: public; Owner: mkj_user
--

CREATE INDEX competitions_fixture_created_by_id_68f444ee ON public.competitions_fixture USING btree (created_by_id);


--
-- Name: competitions_fixture_home_team_id_1aed64ec; Type: INDEX; Schema: public; Owner: mkj_user
--

CREATE INDEX competitions_fixture_home_team_id_1aed64ec ON public.competitions_fixture USING btree (home_team_id);


--
-- Name: competitions_fixture_pool_id_b9557d5e; Type: INDEX; Schema: public; Owner: mkj_user
--

CREATE INDEX competitions_fixture_pool_id_b9557d5e ON public.competitions_fixture USING btree (pool_id);


--
-- Name: competitions_fixture_venue_id_d7e2a26b; Type: INDEX; Schema: public; Owner: mkj_user
--

CREATE INDEX competitions_fixture_venue_id_d7e2a26b ON public.competitions_fixture USING btree (venue_id);


--
-- Name: competitions_fixture_walkover_team_id_13f3ed92; Type: INDEX; Schema: public; Owner: mkj_user
--

CREATE INDEX competitions_fixture_walkover_team_id_13f3ed92 ON public.competitions_fixture USING btree (walkover_team_id);


--
-- Name: competitions_fixture_winner_id_509253d4; Type: INDEX; Schema: public; Owner: mkj_user
--

CREATE INDEX competitions_fixture_winner_id_509253d4 ON public.competitions_fixture USING btree (winner_id);


--
-- Name: competitions_pool_competition_id_773a8a54; Type: INDEX; Schema: public; Owner: mkj_user
--

CREATE INDEX competitions_pool_competition_id_773a8a54 ON public.competitions_pool USING btree (competition_id);


--
-- Name: competitions_pool_venue_id_988afdff; Type: INDEX; Schema: public; Owner: mkj_user
--

CREATE INDEX competitions_pool_venue_id_988afdff ON public.competitions_pool USING btree (venue_id);


--
-- Name: competitions_poolteam_pool_id_efa4dabb; Type: INDEX; Schema: public; Owner: mkj_user
--

CREATE INDEX competitions_poolteam_pool_id_efa4dabb ON public.competitions_poolteam USING btree (pool_id);


--
-- Name: competitions_poolteam_team_id_906ac7d6; Type: INDEX; Schema: public; Owner: mkj_user
--

CREATE INDEX competitions_poolteam_team_id_906ac7d6 ON public.competitions_poolteam USING btree (team_id);


--
-- Name: django_admin_log_content_type_id_c4bce8eb; Type: INDEX; Schema: public; Owner: mkj_user
--

CREATE INDEX django_admin_log_content_type_id_c4bce8eb ON public.django_admin_log USING btree (content_type_id);


--
-- Name: django_admin_log_user_id_c564eba6; Type: INDEX; Schema: public; Owner: mkj_user
--

CREATE INDEX django_admin_log_user_id_c564eba6 ON public.django_admin_log USING btree (user_id);


--
-- Name: django_session_expire_date_a5c62663; Type: INDEX; Schema: public; Owner: mkj_user
--

CREATE INDEX django_session_expire_date_a5c62663 ON public.django_session USING btree (expire_date);


--
-- Name: django_session_session_key_c0390e0f_like; Type: INDEX; Schema: public; Owner: mkj_user
--

CREATE INDEX django_session_session_key_c0390e0f_like ON public.django_session USING btree (session_key varchar_pattern_ops);


--
-- Name: matches_matchevent_player_id_d8779ae8; Type: INDEX; Schema: public; Owner: mkj_user
--

CREATE INDEX matches_matchevent_player_id_d8779ae8 ON public.matches_matchevent USING btree (player_id);


--
-- Name: matches_matchevent_report_id_b2809119; Type: INDEX; Schema: public; Owner: mkj_user
--

CREATE INDEX matches_matchevent_report_id_b2809119 ON public.matches_matchevent USING btree (report_id);


--
-- Name: matches_matchevent_team_id_23503c92; Type: INDEX; Schema: public; Owner: mkj_user
--

CREATE INDEX matches_matchevent_team_id_23503c92 ON public.matches_matchevent USING btree (team_id);


--
-- Name: matches_matchreport_referee_id_e23ecb1c; Type: INDEX; Schema: public; Owner: mkj_user
--

CREATE INDEX matches_matchreport_referee_id_e23ecb1c ON public.matches_matchreport USING btree (referee_id);


--
-- Name: matches_matchreport_reviewed_by_id_a1f70171; Type: INDEX; Schema: public; Owner: mkj_user
--

CREATE INDEX matches_matchreport_reviewed_by_id_a1f70171 ON public.matches_matchreport USING btree (reviewed_by_id);


--
-- Name: matches_periodscore_report_id_4a14c5a4; Type: INDEX; Schema: public; Owner: mkj_user
--

CREATE INDEX matches_periodscore_report_id_4a14c5a4 ON public.matches_periodscore USING btree (report_id);


--
-- Name: matches_playerstatistics_competition_id_48069220; Type: INDEX; Schema: public; Owner: mkj_user
--

CREATE INDEX matches_playerstatistics_competition_id_48069220 ON public.matches_playerstatistics USING btree (competition_id);


--
-- Name: matches_playerstatistics_player_id_850c884b; Type: INDEX; Schema: public; Owner: mkj_user
--

CREATE INDEX matches_playerstatistics_player_id_850c884b ON public.matches_playerstatistics USING btree (player_id);


--
-- Name: matches_playerstatistics_team_id_aae114b3; Type: INDEX; Schema: public; Owner: mkj_user
--

CREATE INDEX matches_playerstatistics_team_id_aae114b3 ON public.matches_playerstatistics USING btree (team_id);


--
-- Name: matches_squadplayer_player_id_d7f4e7d0; Type: INDEX; Schema: public; Owner: mkj_user
--

CREATE INDEX matches_squadplayer_player_id_d7f4e7d0 ON public.matches_squadplayer USING btree (player_id);


--
-- Name: matches_squadplayer_submission_id_b8e830a3; Type: INDEX; Schema: public; Owner: mkj_user
--

CREATE INDEX matches_squadplayer_submission_id_b8e830a3 ON public.matches_squadplayer USING btree (submission_id);


--
-- Name: matches_squadsubmission_fixture_id_2f84ee26; Type: INDEX; Schema: public; Owner: mkj_user
--

CREATE INDEX matches_squadsubmission_fixture_id_2f84ee26 ON public.matches_squadsubmission USING btree (fixture_id);


--
-- Name: matches_squadsubmission_reviewed_by_id_02d12be0; Type: INDEX; Schema: public; Owner: mkj_user
--

CREATE INDEX matches_squadsubmission_reviewed_by_id_02d12be0 ON public.matches_squadsubmission USING btree (reviewed_by_id);


--
-- Name: matches_squadsubmission_team_id_96d907e2; Type: INDEX; Schema: public; Owner: mkj_user
--

CREATE INDEX matches_squadsubmission_team_id_96d907e2 ON public.matches_squadsubmission USING btree (team_id);


--
-- Name: matches_substitutionrequest_approved_by_id_abc975ae; Type: INDEX; Schema: public; Owner: mkj_user
--

CREATE INDEX matches_substitutionrequest_approved_by_id_abc975ae ON public.matches_substitutionrequest USING btree (approved_by_id);


--
-- Name: matches_substitutionrequest_fixture_id_c1240429; Type: INDEX; Schema: public; Owner: mkj_user
--

CREATE INDEX matches_substitutionrequest_fixture_id_c1240429 ON public.matches_substitutionrequest USING btree (fixture_id);


--
-- Name: matches_substitutionrequest_player_off_id_39c52d87; Type: INDEX; Schema: public; Owner: mkj_user
--

CREATE INDEX matches_substitutionrequest_player_off_id_39c52d87 ON public.matches_substitutionrequest USING btree (player_off_id);


--
-- Name: matches_substitutionrequest_player_on_id_712dbf70; Type: INDEX; Schema: public; Owner: mkj_user
--

CREATE INDEX matches_substitutionrequest_player_on_id_712dbf70 ON public.matches_substitutionrequest USING btree (player_on_id);


--
-- Name: matches_substitutionrequest_requested_by_id_8fcf387d; Type: INDEX; Schema: public; Owner: mkj_user
--

CREATE INDEX matches_substitutionrequest_requested_by_id_8fcf387d ON public.matches_substitutionrequest USING btree (requested_by_id);


--
-- Name: matches_substitutionrequest_team_id_8b5d671d; Type: INDEX; Schema: public; Owner: mkj_user
--

CREATE INDEX matches_substitutionrequest_team_id_8b5d671d ON public.matches_substitutionrequest USING btree (team_id);


--
-- Name: news_media_galleryalbum_created_by_id_083ec091; Type: INDEX; Schema: public; Owner: mkj_user
--

CREATE INDEX news_media_galleryalbum_created_by_id_083ec091 ON public.news_media_galleryalbum USING btree (created_by_id);


--
-- Name: news_media_galleryalbum_slug_e900ad5e_like; Type: INDEX; Schema: public; Owner: mkj_user
--

CREATE INDEX news_media_galleryalbum_slug_e900ad5e_like ON public.news_media_galleryalbum USING btree (slug varchar_pattern_ops);


--
-- Name: news_media_galleryimage_album_id_7aa8ae8a; Type: INDEX; Schema: public; Owner: mkj_user
--

CREATE INDEX news_media_galleryimage_album_id_7aa8ae8a ON public.news_media_galleryimage USING btree (album_id);


--
-- Name: news_media_newsarticle_author_id_0a5c2010; Type: INDEX; Schema: public; Owner: mkj_user
--

CREATE INDEX news_media_newsarticle_author_id_0a5c2010 ON public.news_media_newsarticle USING btree (author_id);


--
-- Name: news_media_newsarticle_category_id_648650bd; Type: INDEX; Schema: public; Owner: mkj_user
--

CREATE INDEX news_media_newsarticle_category_id_648650bd ON public.news_media_newsarticle USING btree (category_id);


--
-- Name: news_media_newsarticle_slug_cb562500_like; Type: INDEX; Schema: public; Owner: mkj_user
--

CREATE INDEX news_media_newsarticle_slug_cb562500_like ON public.news_media_newsarticle USING btree (slug varchar_pattern_ops);


--
-- Name: news_media_newscategory_name_3d3adba2_like; Type: INDEX; Schema: public; Owner: mkj_user
--

CREATE INDEX news_media_newscategory_name_3d3adba2_like ON public.news_media_newscategory USING btree (name varchar_pattern_ops);


--
-- Name: news_media_newscategory_slug_30598a40_like; Type: INDEX; Schema: public; Owner: mkj_user
--

CREATE INDEX news_media_newscategory_slug_30598a40_like ON public.news_media_newscategory USING btree (slug varchar_pattern_ops);


--
-- Name: news_media_video_slug_a476e4c1_like; Type: INDEX; Schema: public; Owner: mkj_user
--

CREATE INDEX news_media_video_slug_a476e4c1_like ON public.news_media_video USING btree (slug varchar_pattern_ops);


--
-- Name: news_media_video_uploaded_by_id_d0b0892f; Type: INDEX; Schema: public; Owner: mkj_user
--

CREATE INDEX news_media_video_uploaded_by_id_d0b0892f ON public.news_media_video USING btree (uploaded_by_id);


--
-- Name: referees_refereeappointment_appointed_by_id_a794e7b0; Type: INDEX; Schema: public; Owner: mkj_user
--

CREATE INDEX referees_refereeappointment_appointed_by_id_a794e7b0 ON public.referees_refereeappointment USING btree (appointed_by_id);


--
-- Name: referees_refereeappointment_fixture_id_19149bec; Type: INDEX; Schema: public; Owner: mkj_user
--

CREATE INDEX referees_refereeappointment_fixture_id_19149bec ON public.referees_refereeappointment USING btree (fixture_id);


--
-- Name: referees_refereeappointment_referee_id_9e89b732; Type: INDEX; Schema: public; Owner: mkj_user
--

CREATE INDEX referees_refereeappointment_referee_id_9e89b732 ON public.referees_refereeappointment USING btree (referee_id);


--
-- Name: referees_refereeavailability_referee_id_1f9204f9; Type: INDEX; Schema: public; Owner: mkj_user
--

CREATE INDEX referees_refereeavailability_referee_id_1f9204f9 ON public.referees_refereeavailability USING btree (referee_id);


--
-- Name: referees_refereecertification_referee_id_571d5013; Type: INDEX; Schema: public; Owner: mkj_user
--

CREATE INDEX referees_refereecertification_referee_id_571d5013 ON public.referees_refereecertification USING btree (referee_id);


--
-- Name: referees_refereeprofile_approved_by_id_123cb182; Type: INDEX; Schema: public; Owner: mkj_user
--

CREATE INDEX referees_refereeprofile_approved_by_id_123cb182 ON public.referees_refereeprofile USING btree (approved_by_id);


--
-- Name: referees_refereeprofile_license_number_842bda82_like; Type: INDEX; Schema: public; Owner: mkj_user
--

CREATE INDEX referees_refereeprofile_license_number_842bda82_like ON public.referees_refereeprofile USING btree (license_number varchar_pattern_ops);


--
-- Name: referees_refereereview_fixture_id_490a5450; Type: INDEX; Schema: public; Owner: mkj_user
--

CREATE INDEX referees_refereereview_fixture_id_490a5450 ON public.referees_refereereview USING btree (fixture_id);


--
-- Name: referees_refereereview_referee_id_63b21124; Type: INDEX; Schema: public; Owner: mkj_user
--

CREATE INDEX referees_refereereview_referee_id_63b21124 ON public.referees_refereereview USING btree (referee_id);


--
-- Name: referees_refereereview_reviewer_id_cc30c670; Type: INDEX; Schema: public; Owner: mkj_user
--

CREATE INDEX referees_refereereview_reviewer_id_cc30c670 ON public.referees_refereereview USING btree (reviewer_id);


--
-- Name: teams_county_code_3584e03d_like; Type: INDEX; Schema: public; Owner: mkj_user
--

CREATE INDEX teams_county_code_3584e03d_like ON public.teams_county USING btree (code varchar_pattern_ops);


--
-- Name: teams_county_name_a878995e_like; Type: INDEX; Schema: public; Owner: mkj_user
--

CREATE INDEX teams_county_name_a878995e_like ON public.teams_county USING btree (name varchar_pattern_ops);


--
-- Name: teams_countydelegationmember_registration_id_5b0dc0bd; Type: INDEX; Schema: public; Owner: mkj_user
--

CREATE INDEX teams_countydelegationmember_registration_id_5b0dc0bd ON public.teams_countydelegationmember USING btree (registration_id);


--
-- Name: teams_countydiscipline_registration_id_bd2436f0; Type: INDEX; Schema: public; Owner: mkj_user
--

CREATE INDEX teams_countydiscipline_registration_id_bd2436f0 ON public.teams_countydiscipline USING btree (registration_id);


--
-- Name: teams_countyplayer_discipline_id_4b790963; Type: INDEX; Schema: public; Owner: mkj_user
--

CREATE INDEX teams_countyplayer_discipline_id_4b790963 ON public.teams_countyplayer USING btree (discipline_id);


--
-- Name: teams_countyplayer_national_id_number_241a248e_like; Type: INDEX; Schema: public; Owner: mkj_user
--

CREATE INDEX teams_countyplayer_national_id_number_241a248e_like ON public.teams_countyplayer USING btree (national_id_number varchar_pattern_ops);


--
-- Name: teams_countyregistration_approved_by_id_20608858; Type: INDEX; Schema: public; Owner: mkj_user
--

CREATE INDEX teams_countyregistration_approved_by_id_20608858 ON public.teams_countyregistration USING btree (approved_by_id);


--
-- Name: teams_countyregistration_county_1dbc3245_like; Type: INDEX; Schema: public; Owner: mkj_user
--

CREATE INDEX teams_countyregistration_county_1dbc3245_like ON public.teams_countyregistration USING btree (county varchar_pattern_ops);


--
-- Name: teams_player_fifa_connect_checked_by_id_276e4606; Type: INDEX; Schema: public; Owner: mkj_user
--

CREATE INDEX teams_player_fifa_connect_checked_by_id_276e4606 ON public.teams_player USING btree (fifa_connect_checked_by_id);


--
-- Name: teams_player_huduma_verified_by_id_147324bf; Type: INDEX; Schema: public; Owner: mkj_user
--

CREATE INDEX teams_player_huduma_verified_by_id_147324bf ON public.teams_player USING btree (huduma_verified_by_id);


--
-- Name: teams_player_team_id_4ee5cf70; Type: INDEX; Schema: public; Owner: mkj_user
--

CREATE INDEX teams_player_team_id_4ee5cf70 ON public.teams_player USING btree (team_id);


--
-- Name: teams_player_verified_by_id_4168b84e; Type: INDEX; Schema: public; Owner: mkj_user
--

CREATE INDEX teams_player_verified_by_id_4168b84e ON public.teams_player USING btree (verified_by_id);


--
-- Name: teams_playerverificationlog_performed_by_id_1570a857; Type: INDEX; Schema: public; Owner: mkj_user
--

CREATE INDEX teams_playerverificationlog_performed_by_id_1570a857 ON public.teams_playerverificationlog USING btree (performed_by_id);


--
-- Name: teams_playerverificationlog_player_id_1b819115; Type: INDEX; Schema: public; Owner: mkj_user
--

CREATE INDEX teams_playerverificationlog_player_id_1b819115 ON public.teams_playerverificationlog USING btree (player_id);


--
-- Name: teams_scoutreport_fixture_id_265c6ab8; Type: INDEX; Schema: public; Owner: mkj_user
--

CREATE INDEX teams_scoutreport_fixture_id_265c6ab8 ON public.teams_scoutreport USING btree (fixture_id);


--
-- Name: teams_scoutreport_player_id_48bbd394; Type: INDEX; Schema: public; Owner: mkj_user
--

CREATE INDEX teams_scoutreport_player_id_48bbd394 ON public.teams_scoutreport USING btree (player_id);


--
-- Name: teams_scoutreport_scout_id_ca743041; Type: INDEX; Schema: public; Owner: mkj_user
--

CREATE INDEX teams_scoutreport_scout_id_ca743041 ON public.teams_scoutreport USING btree (scout_id);


--
-- Name: teams_scoutshortlist_player_id_31c0fd38; Type: INDEX; Schema: public; Owner: mkj_user
--

CREATE INDEX teams_scoutshortlist_player_id_31c0fd38 ON public.teams_scoutshortlist USING btree (player_id);


--
-- Name: teams_scoutshortlist_scout_id_fe1117db; Type: INDEX; Schema: public; Owner: mkj_user
--

CREATE INDEX teams_scoutshortlist_scout_id_fe1117db ON public.teams_scoutshortlist USING btree (scout_id);


--
-- Name: teams_team_competition_id_f381ebed; Type: INDEX; Schema: public; Owner: mkj_user
--

CREATE INDEX teams_team_competition_id_f381ebed ON public.teams_team USING btree (competition_id);


--
-- Name: teams_team_county_id_e7dfe5b9; Type: INDEX; Schema: public; Owner: mkj_user
--

CREATE INDEX teams_team_county_id_e7dfe5b9 ON public.teams_team USING btree (county_id);


--
-- Name: teams_team_manager_id_3f329f8c; Type: INDEX; Schema: public; Owner: mkj_user
--

CREATE INDEX teams_team_manager_id_3f329f8c ON public.teams_team USING btree (manager_id);


--
-- Name: teams_team_name_c519f9ad_like; Type: INDEX; Schema: public; Owner: mkj_user
--

CREATE INDEX teams_team_name_c519f9ad_like ON public.teams_team USING btree (name varchar_pattern_ops);


--
-- Name: teams_team_payment_confirmed_by_id_77c79776; Type: INDEX; Schema: public; Owner: mkj_user
--

CREATE INDEX teams_team_payment_confirmed_by_id_77c79776 ON public.teams_team USING btree (payment_confirmed_by_id);


--
-- Name: teams_technicalbenchmember_discipline_id_41a3146a; Type: INDEX; Schema: public; Owner: mkj_user
--

CREATE INDEX teams_technicalbenchmember_discipline_id_41a3146a ON public.teams_technicalbenchmember USING btree (discipline_id);


--
-- Name: token_blacklist_outstandingtoken_jti_hex_d9bdf6f7_like; Type: INDEX; Schema: public; Owner: mkj_user
--

CREATE INDEX token_blacklist_outstandingtoken_jti_hex_d9bdf6f7_like ON public.token_blacklist_outstandingtoken USING btree (jti varchar_pattern_ops);


--
-- Name: token_blacklist_outstandingtoken_user_id_83bc629a; Type: INDEX; Schema: public; Owner: mkj_user
--

CREATE INDEX token_blacklist_outstandingtoken_user_id_83bc629a ON public.token_blacklist_outstandingtoken USING btree (user_id);


--
-- Name: accounts_user_groups accounts_user_groups_group_id_bd11a704_fk_auth_group_id; Type: FK CONSTRAINT; Schema: public; Owner: mkj_user
--

ALTER TABLE ONLY public.accounts_user_groups
    ADD CONSTRAINT accounts_user_groups_group_id_bd11a704_fk_auth_group_id FOREIGN KEY (group_id) REFERENCES public.auth_group(id) DEFERRABLE INITIALLY DEFERRED;


--
-- Name: accounts_user_groups accounts_user_groups_user_id_52b62117_fk_accounts_user_id; Type: FK CONSTRAINT; Schema: public; Owner: mkj_user
--

ALTER TABLE ONLY public.accounts_user_groups
    ADD CONSTRAINT accounts_user_groups_user_id_52b62117_fk_accounts_user_id FOREIGN KEY (user_id) REFERENCES public.accounts_user(id) DEFERRABLE INITIALLY DEFERRED;


--
-- Name: accounts_user_user_permissions accounts_user_user_p_permission_id_113bb443_fk_auth_perm; Type: FK CONSTRAINT; Schema: public; Owner: mkj_user
--

ALTER TABLE ONLY public.accounts_user_user_permissions
    ADD CONSTRAINT accounts_user_user_p_permission_id_113bb443_fk_auth_perm FOREIGN KEY (permission_id) REFERENCES public.auth_permission(id) DEFERRABLE INITIALLY DEFERRED;


--
-- Name: accounts_user_user_permissions accounts_user_user_p_user_id_e4f0a161_fk_accounts_; Type: FK CONSTRAINT; Schema: public; Owner: mkj_user
--

ALTER TABLE ONLY public.accounts_user_user_permissions
    ADD CONSTRAINT accounts_user_user_p_user_id_e4f0a161_fk_accounts_ FOREIGN KEY (user_id) REFERENCES public.accounts_user(id) DEFERRABLE INITIALLY DEFERRED;


--
-- Name: admin_dashboard_activitylog admin_dashboard_acti_content_type_id_c44dce4b_fk_django_co; Type: FK CONSTRAINT; Schema: public; Owner: mkj_user
--

ALTER TABLE ONLY public.admin_dashboard_activitylog
    ADD CONSTRAINT admin_dashboard_acti_content_type_id_c44dce4b_fk_django_co FOREIGN KEY (content_type_id) REFERENCES public.django_content_type(id) DEFERRABLE INITIALLY DEFERRED;


--
-- Name: admin_dashboard_activitylog admin_dashboard_acti_undone_by_id_c7326313_fk_accounts_; Type: FK CONSTRAINT; Schema: public; Owner: mkj_user
--

ALTER TABLE ONLY public.admin_dashboard_activitylog
    ADD CONSTRAINT admin_dashboard_acti_undone_by_id_c7326313_fk_accounts_ FOREIGN KEY (undone_by_id) REFERENCES public.accounts_user(id) DEFERRABLE INITIALLY DEFERRED;


--
-- Name: admin_dashboard_activitylog admin_dashboard_acti_user_id_7d161df3_fk_accounts_; Type: FK CONSTRAINT; Schema: public; Owner: mkj_user
--

ALTER TABLE ONLY public.admin_dashboard_activitylog
    ADD CONSTRAINT admin_dashboard_acti_user_id_7d161df3_fk_accounts_ FOREIGN KEY (user_id) REFERENCES public.accounts_user(id) DEFERRABLE INITIALLY DEFERRED;


--
-- Name: appeals_appeal appeals_appeal_appellant_team_id_c7b50dd3_fk_teams_team_id; Type: FK CONSTRAINT; Schema: public; Owner: mkj_user
--

ALTER TABLE ONLY public.appeals_appeal
    ADD CONSTRAINT appeals_appeal_appellant_team_id_c7b50dd3_fk_teams_team_id FOREIGN KEY (appellant_team_id) REFERENCES public.teams_team(id) DEFERRABLE INITIALLY DEFERRED;


--
-- Name: appeals_appeal appeals_appeal_appellant_user_id_137916ec_fk_accounts_user_id; Type: FK CONSTRAINT; Schema: public; Owner: mkj_user
--

ALTER TABLE ONLY public.appeals_appeal
    ADD CONSTRAINT appeals_appeal_appellant_user_id_137916ec_fk_accounts_user_id FOREIGN KEY (appellant_user_id) REFERENCES public.accounts_user(id) DEFERRABLE INITIALLY DEFERRED;


--
-- Name: appeals_appeal appeals_appeal_competition_id_e3016e46_fk_competiti; Type: FK CONSTRAINT; Schema: public; Owner: mkj_user
--

ALTER TABLE ONLY public.appeals_appeal
    ADD CONSTRAINT appeals_appeal_competition_id_e3016e46_fk_competiti FOREIGN KEY (competition_id) REFERENCES public.competitions_competition(id) DEFERRABLE INITIALLY DEFERRED;


--
-- Name: appeals_appeal appeals_appeal_fee_verified_by_id_0d9234e0_fk_accounts_user_id; Type: FK CONSTRAINT; Schema: public; Owner: mkj_user
--

ALTER TABLE ONLY public.appeals_appeal
    ADD CONSTRAINT appeals_appeal_fee_verified_by_id_0d9234e0_fk_accounts_user_id FOREIGN KEY (fee_verified_by_id) REFERENCES public.accounts_user(id) DEFERRABLE INITIALLY DEFERRED;


--
-- Name: appeals_appeal appeals_appeal_match_id_db13a4a2_fk_competitions_fixture_id; Type: FK CONSTRAINT; Schema: public; Owner: mkj_user
--

ALTER TABLE ONLY public.appeals_appeal
    ADD CONSTRAINT appeals_appeal_match_id_db13a4a2_fk_competitions_fixture_id FOREIGN KEY (match_id) REFERENCES public.competitions_fixture(id) DEFERRABLE INITIALLY DEFERRED;


--
-- Name: appeals_appeal appeals_appeal_original_appeal_id_7ac191f4_fk_appeals_appeal_id; Type: FK CONSTRAINT; Schema: public; Owner: mkj_user
--

ALTER TABLE ONLY public.appeals_appeal
    ADD CONSTRAINT appeals_appeal_original_appeal_id_7ac191f4_fk_appeals_appeal_id FOREIGN KEY (original_appeal_id) REFERENCES public.appeals_appeal(id) DEFERRABLE INITIALLY DEFERRED;


--
-- Name: appeals_appeal appeals_appeal_respondent_team_id_1f508b1f_fk_teams_team_id; Type: FK CONSTRAINT; Schema: public; Owner: mkj_user
--

ALTER TABLE ONLY public.appeals_appeal
    ADD CONSTRAINT appeals_appeal_respondent_team_id_1f508b1f_fk_teams_team_id FOREIGN KEY (respondent_team_id) REFERENCES public.teams_team(id) DEFERRABLE INITIALLY DEFERRED;


--
-- Name: appeals_appealevidence appeals_appealeviden_uploaded_by_id_5f9ed4ea_fk_accounts_; Type: FK CONSTRAINT; Schema: public; Owner: mkj_user
--

ALTER TABLE ONLY public.appeals_appealevidence
    ADD CONSTRAINT appeals_appealeviden_uploaded_by_id_5f9ed4ea_fk_accounts_ FOREIGN KEY (uploaded_by_id) REFERENCES public.accounts_user(id) DEFERRABLE INITIALLY DEFERRED;


--
-- Name: appeals_appealevidence appeals_appealevidence_appeal_id_aad064d2_fk_appeals_appeal_id; Type: FK CONSTRAINT; Schema: public; Owner: mkj_user
--

ALTER TABLE ONLY public.appeals_appealevidence
    ADD CONSTRAINT appeals_appealevidence_appeal_id_aad064d2_fk_appeals_appeal_id FOREIGN KEY (appeal_id) REFERENCES public.appeals_appeal(id) DEFERRABLE INITIALLY DEFERRED;


--
-- Name: appeals_appealresponse appeals_appealrespon_respondent_user_id_598b2128_fk_accounts_; Type: FK CONSTRAINT; Schema: public; Owner: mkj_user
--

ALTER TABLE ONLY public.appeals_appealresponse
    ADD CONSTRAINT appeals_appealrespon_respondent_user_id_598b2128_fk_accounts_ FOREIGN KEY (respondent_user_id) REFERENCES public.accounts_user(id) DEFERRABLE INITIALLY DEFERRED;


--
-- Name: appeals_appealresponse appeals_appealresponse_appeal_id_e71e7708_fk_appeals_appeal_id; Type: FK CONSTRAINT; Schema: public; Owner: mkj_user
--

ALTER TABLE ONLY public.appeals_appealresponse
    ADD CONSTRAINT appeals_appealresponse_appeal_id_e71e7708_fk_appeals_appeal_id FOREIGN KEY (appeal_id) REFERENCES public.appeals_appeal(id) DEFERRABLE INITIALLY DEFERRED;


--
-- Name: appeals_decisionevidence appeals_decisionevid_decision_id_c00e11a3_fk_appeals_j; Type: FK CONSTRAINT; Schema: public; Owner: mkj_user
--

ALTER TABLE ONLY public.appeals_decisionevidence
    ADD CONSTRAINT appeals_decisionevid_decision_id_c00e11a3_fk_appeals_j FOREIGN KEY (decision_id) REFERENCES public.appeals_jurydecision(id) DEFERRABLE INITIALLY DEFERRED;


--
-- Name: appeals_decisionevidence appeals_decisionevid_uploaded_by_id_6ba6d1b3_fk_accounts_; Type: FK CONSTRAINT; Schema: public; Owner: mkj_user
--

ALTER TABLE ONLY public.appeals_decisionevidence
    ADD CONSTRAINT appeals_decisionevid_uploaded_by_id_6ba6d1b3_fk_accounts_ FOREIGN KEY (uploaded_by_id) REFERENCES public.accounts_user(id) DEFERRABLE INITIALLY DEFERRED;


--
-- Name: appeals_hearingschedule appeals_hearingsched_scheduled_by_id_7ba859b2_fk_accounts_; Type: FK CONSTRAINT; Schema: public; Owner: mkj_user
--

ALTER TABLE ONLY public.appeals_hearingschedule
    ADD CONSTRAINT appeals_hearingsched_scheduled_by_id_7ba859b2_fk_accounts_ FOREIGN KEY (scheduled_by_id) REFERENCES public.accounts_user(id) DEFERRABLE INITIALLY DEFERRED;


--
-- Name: appeals_hearingschedule appeals_hearingschedule_appeal_id_81ce508e_fk_appeals_appeal_id; Type: FK CONSTRAINT; Schema: public; Owner: mkj_user
--

ALTER TABLE ONLY public.appeals_hearingschedule
    ADD CONSTRAINT appeals_hearingschedule_appeal_id_81ce508e_fk_appeals_appeal_id FOREIGN KEY (appeal_id) REFERENCES public.appeals_appeal(id) DEFERRABLE INITIALLY DEFERRED;


--
-- Name: appeals_jurydecision appeals_jurydecision_appeal_id_a4e3c87e_fk_appeals_appeal_id; Type: FK CONSTRAINT; Schema: public; Owner: mkj_user
--

ALTER TABLE ONLY public.appeals_jurydecision
    ADD CONSTRAINT appeals_jurydecision_appeal_id_a4e3c87e_fk_appeals_appeal_id FOREIGN KEY (appeal_id) REFERENCES public.appeals_appeal(id) DEFERRABLE INITIALLY DEFERRED;


--
-- Name: appeals_jurydecision appeals_jurydecision_decided_by_id_092dba30_fk_accounts_user_id; Type: FK CONSTRAINT; Schema: public; Owner: mkj_user
--

ALTER TABLE ONLY public.appeals_jurydecision
    ADD CONSTRAINT appeals_jurydecision_decided_by_id_092dba30_fk_accounts_user_id FOREIGN KEY (decided_by_id) REFERENCES public.accounts_user(id) DEFERRABLE INITIALLY DEFERRED;


--
-- Name: appeals_responseevidence appeals_responseevid_response_id_f8a705cc_fk_appeals_a; Type: FK CONSTRAINT; Schema: public; Owner: mkj_user
--

ALTER TABLE ONLY public.appeals_responseevidence
    ADD CONSTRAINT appeals_responseevid_response_id_f8a705cc_fk_appeals_a FOREIGN KEY (response_id) REFERENCES public.appeals_appealresponse(id) DEFERRABLE INITIALLY DEFERRED;


--
-- Name: appeals_responseevidence appeals_responseevid_uploaded_by_id_edd10350_fk_accounts_; Type: FK CONSTRAINT; Schema: public; Owner: mkj_user
--

ALTER TABLE ONLY public.appeals_responseevidence
    ADD CONSTRAINT appeals_responseevid_uploaded_by_id_edd10350_fk_accounts_ FOREIGN KEY (uploaded_by_id) REFERENCES public.accounts_user(id) DEFERRABLE INITIALLY DEFERRED;


--
-- Name: auth_group_permissions auth_group_permissio_permission_id_84c5c92e_fk_auth_perm; Type: FK CONSTRAINT; Schema: public; Owner: mkj_user
--

ALTER TABLE ONLY public.auth_group_permissions
    ADD CONSTRAINT auth_group_permissio_permission_id_84c5c92e_fk_auth_perm FOREIGN KEY (permission_id) REFERENCES public.auth_permission(id) DEFERRABLE INITIALLY DEFERRED;


--
-- Name: auth_group_permissions auth_group_permissions_group_id_b120cbf9_fk_auth_group_id; Type: FK CONSTRAINT; Schema: public; Owner: mkj_user
--

ALTER TABLE ONLY public.auth_group_permissions
    ADD CONSTRAINT auth_group_permissions_group_id_b120cbf9_fk_auth_group_id FOREIGN KEY (group_id) REFERENCES public.auth_group(id) DEFERRABLE INITIALLY DEFERRED;


--
-- Name: auth_permission auth_permission_content_type_id_2f476e4b_fk_django_co; Type: FK CONSTRAINT; Schema: public; Owner: mkj_user
--

ALTER TABLE ONLY public.auth_permission
    ADD CONSTRAINT auth_permission_content_type_id_2f476e4b_fk_django_co FOREIGN KEY (content_type_id) REFERENCES public.django_content_type(id) DEFERRABLE INITIALLY DEFERRED;


--
-- Name: competitions_competition competitions_competi_created_by_id_1b438bb8_fk_accounts_; Type: FK CONSTRAINT; Schema: public; Owner: mkj_user
--

ALTER TABLE ONLY public.competitions_competition
    ADD CONSTRAINT competitions_competi_created_by_id_1b438bb8_fk_accounts_ FOREIGN KEY (created_by_id) REFERENCES public.accounts_user(id) DEFERRABLE INITIALLY DEFERRED;


--
-- Name: competitions_fixture competitions_fixture_away_team_id_544e5f7d_fk_teams_team_id; Type: FK CONSTRAINT; Schema: public; Owner: mkj_user
--

ALTER TABLE ONLY public.competitions_fixture
    ADD CONSTRAINT competitions_fixture_away_team_id_544e5f7d_fk_teams_team_id FOREIGN KEY (away_team_id) REFERENCES public.teams_team(id) DEFERRABLE INITIALLY DEFERRED;


--
-- Name: competitions_fixture competitions_fixture_competition_id_2c150628_fk_competiti; Type: FK CONSTRAINT; Schema: public; Owner: mkj_user
--

ALTER TABLE ONLY public.competitions_fixture
    ADD CONSTRAINT competitions_fixture_competition_id_2c150628_fk_competiti FOREIGN KEY (competition_id) REFERENCES public.competitions_competition(id) DEFERRABLE INITIALLY DEFERRED;


--
-- Name: competitions_fixture competitions_fixture_created_by_id_68f444ee_fk_accounts_user_id; Type: FK CONSTRAINT; Schema: public; Owner: mkj_user
--

ALTER TABLE ONLY public.competitions_fixture
    ADD CONSTRAINT competitions_fixture_created_by_id_68f444ee_fk_accounts_user_id FOREIGN KEY (created_by_id) REFERENCES public.accounts_user(id) DEFERRABLE INITIALLY DEFERRED;


--
-- Name: competitions_fixture competitions_fixture_home_team_id_1aed64ec_fk_teams_team_id; Type: FK CONSTRAINT; Schema: public; Owner: mkj_user
--

ALTER TABLE ONLY public.competitions_fixture
    ADD CONSTRAINT competitions_fixture_home_team_id_1aed64ec_fk_teams_team_id FOREIGN KEY (home_team_id) REFERENCES public.teams_team(id) DEFERRABLE INITIALLY DEFERRED;


--
-- Name: competitions_fixture competitions_fixture_pool_id_b9557d5e_fk_competitions_pool_id; Type: FK CONSTRAINT; Schema: public; Owner: mkj_user
--

ALTER TABLE ONLY public.competitions_fixture
    ADD CONSTRAINT competitions_fixture_pool_id_b9557d5e_fk_competitions_pool_id FOREIGN KEY (pool_id) REFERENCES public.competitions_pool(id) DEFERRABLE INITIALLY DEFERRED;


--
-- Name: competitions_fixture competitions_fixture_venue_id_d7e2a26b_fk_competitions_venue_id; Type: FK CONSTRAINT; Schema: public; Owner: mkj_user
--

ALTER TABLE ONLY public.competitions_fixture
    ADD CONSTRAINT competitions_fixture_venue_id_d7e2a26b_fk_competitions_venue_id FOREIGN KEY (venue_id) REFERENCES public.competitions_venue(id) DEFERRABLE INITIALLY DEFERRED;


--
-- Name: competitions_fixture competitions_fixture_walkover_team_id_13f3ed92_fk_teams_team_id; Type: FK CONSTRAINT; Schema: public; Owner: mkj_user
--

ALTER TABLE ONLY public.competitions_fixture
    ADD CONSTRAINT competitions_fixture_walkover_team_id_13f3ed92_fk_teams_team_id FOREIGN KEY (walkover_team_id) REFERENCES public.teams_team(id) DEFERRABLE INITIALLY DEFERRED;


--
-- Name: competitions_fixture competitions_fixture_winner_id_509253d4_fk_teams_team_id; Type: FK CONSTRAINT; Schema: public; Owner: mkj_user
--

ALTER TABLE ONLY public.competitions_fixture
    ADD CONSTRAINT competitions_fixture_winner_id_509253d4_fk_teams_team_id FOREIGN KEY (winner_id) REFERENCES public.teams_team(id) DEFERRABLE INITIALLY DEFERRED;


--
-- Name: competitions_pool competitions_pool_competition_id_773a8a54_fk_competiti; Type: FK CONSTRAINT; Schema: public; Owner: mkj_user
--

ALTER TABLE ONLY public.competitions_pool
    ADD CONSTRAINT competitions_pool_competition_id_773a8a54_fk_competiti FOREIGN KEY (competition_id) REFERENCES public.competitions_competition(id) DEFERRABLE INITIALLY DEFERRED;


--
-- Name: competitions_pool competitions_pool_venue_id_988afdff_fk_competitions_venue_id; Type: FK CONSTRAINT; Schema: public; Owner: mkj_user
--

ALTER TABLE ONLY public.competitions_pool
    ADD CONSTRAINT competitions_pool_venue_id_988afdff_fk_competitions_venue_id FOREIGN KEY (venue_id) REFERENCES public.competitions_venue(id) DEFERRABLE INITIALLY DEFERRED;


--
-- Name: competitions_poolteam competitions_poolteam_pool_id_efa4dabb_fk_competitions_pool_id; Type: FK CONSTRAINT; Schema: public; Owner: mkj_user
--

ALTER TABLE ONLY public.competitions_poolteam
    ADD CONSTRAINT competitions_poolteam_pool_id_efa4dabb_fk_competitions_pool_id FOREIGN KEY (pool_id) REFERENCES public.competitions_pool(id) DEFERRABLE INITIALLY DEFERRED;


--
-- Name: competitions_poolteam competitions_poolteam_team_id_906ac7d6_fk_teams_team_id; Type: FK CONSTRAINT; Schema: public; Owner: mkj_user
--

ALTER TABLE ONLY public.competitions_poolteam
    ADD CONSTRAINT competitions_poolteam_team_id_906ac7d6_fk_teams_team_id FOREIGN KEY (team_id) REFERENCES public.teams_team(id) DEFERRABLE INITIALLY DEFERRED;


--
-- Name: django_admin_log django_admin_log_content_type_id_c4bce8eb_fk_django_co; Type: FK CONSTRAINT; Schema: public; Owner: mkj_user
--

ALTER TABLE ONLY public.django_admin_log
    ADD CONSTRAINT django_admin_log_content_type_id_c4bce8eb_fk_django_co FOREIGN KEY (content_type_id) REFERENCES public.django_content_type(id) DEFERRABLE INITIALLY DEFERRED;


--
-- Name: django_admin_log django_admin_log_user_id_c564eba6_fk_accounts_user_id; Type: FK CONSTRAINT; Schema: public; Owner: mkj_user
--

ALTER TABLE ONLY public.django_admin_log
    ADD CONSTRAINT django_admin_log_user_id_c564eba6_fk_accounts_user_id FOREIGN KEY (user_id) REFERENCES public.accounts_user(id) DEFERRABLE INITIALLY DEFERRED;


--
-- Name: matches_matchevent matches_matchevent_player_id_d8779ae8_fk_teams_player_id; Type: FK CONSTRAINT; Schema: public; Owner: mkj_user
--

ALTER TABLE ONLY public.matches_matchevent
    ADD CONSTRAINT matches_matchevent_player_id_d8779ae8_fk_teams_player_id FOREIGN KEY (player_id) REFERENCES public.teams_player(id) DEFERRABLE INITIALLY DEFERRED;


--
-- Name: matches_matchevent matches_matchevent_report_id_b2809119_fk_matches_matchreport_id; Type: FK CONSTRAINT; Schema: public; Owner: mkj_user
--

ALTER TABLE ONLY public.matches_matchevent
    ADD CONSTRAINT matches_matchevent_report_id_b2809119_fk_matches_matchreport_id FOREIGN KEY (report_id) REFERENCES public.matches_matchreport(id) DEFERRABLE INITIALLY DEFERRED;


--
-- Name: matches_matchevent matches_matchevent_team_id_23503c92_fk_teams_team_id; Type: FK CONSTRAINT; Schema: public; Owner: mkj_user
--

ALTER TABLE ONLY public.matches_matchevent
    ADD CONSTRAINT matches_matchevent_team_id_23503c92_fk_teams_team_id FOREIGN KEY (team_id) REFERENCES public.teams_team(id) DEFERRABLE INITIALLY DEFERRED;


--
-- Name: matches_matchreport matches_matchreport_fixture_id_ba053e0e_fk_competiti; Type: FK CONSTRAINT; Schema: public; Owner: mkj_user
--

ALTER TABLE ONLY public.matches_matchreport
    ADD CONSTRAINT matches_matchreport_fixture_id_ba053e0e_fk_competiti FOREIGN KEY (fixture_id) REFERENCES public.competitions_fixture(id) DEFERRABLE INITIALLY DEFERRED;


--
-- Name: matches_matchreport matches_matchreport_referee_id_e23ecb1c_fk_referees_; Type: FK CONSTRAINT; Schema: public; Owner: mkj_user
--

ALTER TABLE ONLY public.matches_matchreport
    ADD CONSTRAINT matches_matchreport_referee_id_e23ecb1c_fk_referees_ FOREIGN KEY (referee_id) REFERENCES public.referees_refereeprofile(id) DEFERRABLE INITIALLY DEFERRED;


--
-- Name: matches_matchreport matches_matchreport_reviewed_by_id_a1f70171_fk_accounts_user_id; Type: FK CONSTRAINT; Schema: public; Owner: mkj_user
--

ALTER TABLE ONLY public.matches_matchreport
    ADD CONSTRAINT matches_matchreport_reviewed_by_id_a1f70171_fk_accounts_user_id FOREIGN KEY (reviewed_by_id) REFERENCES public.accounts_user(id) DEFERRABLE INITIALLY DEFERRED;


--
-- Name: matches_periodscore matches_periodscore_report_id_4a14c5a4_fk_matches_m; Type: FK CONSTRAINT; Schema: public; Owner: mkj_user
--

ALTER TABLE ONLY public.matches_periodscore
    ADD CONSTRAINT matches_periodscore_report_id_4a14c5a4_fk_matches_m FOREIGN KEY (report_id) REFERENCES public.matches_matchreport(id) DEFERRABLE INITIALLY DEFERRED;


--
-- Name: matches_playerstatistics matches_playerstatis_competition_id_48069220_fk_competiti; Type: FK CONSTRAINT; Schema: public; Owner: mkj_user
--

ALTER TABLE ONLY public.matches_playerstatistics
    ADD CONSTRAINT matches_playerstatis_competition_id_48069220_fk_competiti FOREIGN KEY (competition_id) REFERENCES public.competitions_competition(id) DEFERRABLE INITIALLY DEFERRED;


--
-- Name: matches_playerstatistics matches_playerstatistics_player_id_850c884b_fk_teams_player_id; Type: FK CONSTRAINT; Schema: public; Owner: mkj_user
--

ALTER TABLE ONLY public.matches_playerstatistics
    ADD CONSTRAINT matches_playerstatistics_player_id_850c884b_fk_teams_player_id FOREIGN KEY (player_id) REFERENCES public.teams_player(id) DEFERRABLE INITIALLY DEFERRED;


--
-- Name: matches_playerstatistics matches_playerstatistics_team_id_aae114b3_fk_teams_team_id; Type: FK CONSTRAINT; Schema: public; Owner: mkj_user
--

ALTER TABLE ONLY public.matches_playerstatistics
    ADD CONSTRAINT matches_playerstatistics_team_id_aae114b3_fk_teams_team_id FOREIGN KEY (team_id) REFERENCES public.teams_team(id) DEFERRABLE INITIALLY DEFERRED;


--
-- Name: matches_squadplayer matches_squadplayer_player_id_d7f4e7d0_fk_teams_player_id; Type: FK CONSTRAINT; Schema: public; Owner: mkj_user
--

ALTER TABLE ONLY public.matches_squadplayer
    ADD CONSTRAINT matches_squadplayer_player_id_d7f4e7d0_fk_teams_player_id FOREIGN KEY (player_id) REFERENCES public.teams_player(id) DEFERRABLE INITIALLY DEFERRED;


--
-- Name: matches_squadplayer matches_squadplayer_submission_id_b8e830a3_fk_matches_s; Type: FK CONSTRAINT; Schema: public; Owner: mkj_user
--

ALTER TABLE ONLY public.matches_squadplayer
    ADD CONSTRAINT matches_squadplayer_submission_id_b8e830a3_fk_matches_s FOREIGN KEY (submission_id) REFERENCES public.matches_squadsubmission(id) DEFERRABLE INITIALLY DEFERRED;


--
-- Name: matches_squadsubmission matches_squadsubmiss_fixture_id_2f84ee26_fk_competiti; Type: FK CONSTRAINT; Schema: public; Owner: mkj_user
--

ALTER TABLE ONLY public.matches_squadsubmission
    ADD CONSTRAINT matches_squadsubmiss_fixture_id_2f84ee26_fk_competiti FOREIGN KEY (fixture_id) REFERENCES public.competitions_fixture(id) DEFERRABLE INITIALLY DEFERRED;


--
-- Name: matches_squadsubmission matches_squadsubmiss_reviewed_by_id_02d12be0_fk_accounts_; Type: FK CONSTRAINT; Schema: public; Owner: mkj_user
--

ALTER TABLE ONLY public.matches_squadsubmission
    ADD CONSTRAINT matches_squadsubmiss_reviewed_by_id_02d12be0_fk_accounts_ FOREIGN KEY (reviewed_by_id) REFERENCES public.accounts_user(id) DEFERRABLE INITIALLY DEFERRED;


--
-- Name: matches_squadsubmission matches_squadsubmission_team_id_96d907e2_fk_teams_team_id; Type: FK CONSTRAINT; Schema: public; Owner: mkj_user
--

ALTER TABLE ONLY public.matches_squadsubmission
    ADD CONSTRAINT matches_squadsubmission_team_id_96d907e2_fk_teams_team_id FOREIGN KEY (team_id) REFERENCES public.teams_team(id) DEFERRABLE INITIALLY DEFERRED;


--
-- Name: matches_substitutionrequest matches_substitution_approved_by_id_abc975ae_fk_accounts_; Type: FK CONSTRAINT; Schema: public; Owner: mkj_user
--

ALTER TABLE ONLY public.matches_substitutionrequest
    ADD CONSTRAINT matches_substitution_approved_by_id_abc975ae_fk_accounts_ FOREIGN KEY (approved_by_id) REFERENCES public.accounts_user(id) DEFERRABLE INITIALLY DEFERRED;


--
-- Name: matches_substitutionrequest matches_substitution_fixture_id_c1240429_fk_competiti; Type: FK CONSTRAINT; Schema: public; Owner: mkj_user
--

ALTER TABLE ONLY public.matches_substitutionrequest
    ADD CONSTRAINT matches_substitution_fixture_id_c1240429_fk_competiti FOREIGN KEY (fixture_id) REFERENCES public.competitions_fixture(id) DEFERRABLE INITIALLY DEFERRED;


--
-- Name: matches_substitutionrequest matches_substitution_player_off_id_39c52d87_fk_teams_pla; Type: FK CONSTRAINT; Schema: public; Owner: mkj_user
--

ALTER TABLE ONLY public.matches_substitutionrequest
    ADD CONSTRAINT matches_substitution_player_off_id_39c52d87_fk_teams_pla FOREIGN KEY (player_off_id) REFERENCES public.teams_player(id) DEFERRABLE INITIALLY DEFERRED;


--
-- Name: matches_substitutionrequest matches_substitution_player_on_id_712dbf70_fk_teams_pla; Type: FK CONSTRAINT; Schema: public; Owner: mkj_user
--

ALTER TABLE ONLY public.matches_substitutionrequest
    ADD CONSTRAINT matches_substitution_player_on_id_712dbf70_fk_teams_pla FOREIGN KEY (player_on_id) REFERENCES public.teams_player(id) DEFERRABLE INITIALLY DEFERRED;


--
-- Name: matches_substitutionrequest matches_substitution_requested_by_id_8fcf387d_fk_accounts_; Type: FK CONSTRAINT; Schema: public; Owner: mkj_user
--

ALTER TABLE ONLY public.matches_substitutionrequest
    ADD CONSTRAINT matches_substitution_requested_by_id_8fcf387d_fk_accounts_ FOREIGN KEY (requested_by_id) REFERENCES public.accounts_user(id) DEFERRABLE INITIALLY DEFERRED;


--
-- Name: matches_substitutionrequest matches_substitutionrequest_team_id_8b5d671d_fk_teams_team_id; Type: FK CONSTRAINT; Schema: public; Owner: mkj_user
--

ALTER TABLE ONLY public.matches_substitutionrequest
    ADD CONSTRAINT matches_substitutionrequest_team_id_8b5d671d_fk_teams_team_id FOREIGN KEY (team_id) REFERENCES public.teams_team(id) DEFERRABLE INITIALLY DEFERRED;


--
-- Name: news_media_galleryalbum news_media_galleryal_created_by_id_083ec091_fk_accounts_; Type: FK CONSTRAINT; Schema: public; Owner: mkj_user
--

ALTER TABLE ONLY public.news_media_galleryalbum
    ADD CONSTRAINT news_media_galleryal_created_by_id_083ec091_fk_accounts_ FOREIGN KEY (created_by_id) REFERENCES public.accounts_user(id) DEFERRABLE INITIALLY DEFERRED;


--
-- Name: news_media_galleryimage news_media_galleryim_album_id_7aa8ae8a_fk_news_medi; Type: FK CONSTRAINT; Schema: public; Owner: mkj_user
--

ALTER TABLE ONLY public.news_media_galleryimage
    ADD CONSTRAINT news_media_galleryim_album_id_7aa8ae8a_fk_news_medi FOREIGN KEY (album_id) REFERENCES public.news_media_galleryalbum(id) DEFERRABLE INITIALLY DEFERRED;


--
-- Name: news_media_newsarticle news_media_newsartic_category_id_648650bd_fk_news_medi; Type: FK CONSTRAINT; Schema: public; Owner: mkj_user
--

ALTER TABLE ONLY public.news_media_newsarticle
    ADD CONSTRAINT news_media_newsartic_category_id_648650bd_fk_news_medi FOREIGN KEY (category_id) REFERENCES public.news_media_newscategory(id) DEFERRABLE INITIALLY DEFERRED;


--
-- Name: news_media_newsarticle news_media_newsarticle_author_id_0a5c2010_fk_accounts_user_id; Type: FK CONSTRAINT; Schema: public; Owner: mkj_user
--

ALTER TABLE ONLY public.news_media_newsarticle
    ADD CONSTRAINT news_media_newsarticle_author_id_0a5c2010_fk_accounts_user_id FOREIGN KEY (author_id) REFERENCES public.accounts_user(id) DEFERRABLE INITIALLY DEFERRED;


--
-- Name: news_media_video news_media_video_uploaded_by_id_d0b0892f_fk_accounts_user_id; Type: FK CONSTRAINT; Schema: public; Owner: mkj_user
--

ALTER TABLE ONLY public.news_media_video
    ADD CONSTRAINT news_media_video_uploaded_by_id_d0b0892f_fk_accounts_user_id FOREIGN KEY (uploaded_by_id) REFERENCES public.accounts_user(id) DEFERRABLE INITIALLY DEFERRED;


--
-- Name: referees_refereeappointment referees_refereeappo_appointed_by_id_a794e7b0_fk_accounts_; Type: FK CONSTRAINT; Schema: public; Owner: mkj_user
--

ALTER TABLE ONLY public.referees_refereeappointment
    ADD CONSTRAINT referees_refereeappo_appointed_by_id_a794e7b0_fk_accounts_ FOREIGN KEY (appointed_by_id) REFERENCES public.accounts_user(id) DEFERRABLE INITIALLY DEFERRED;


--
-- Name: referees_refereeappointment referees_refereeappo_fixture_id_19149bec_fk_competiti; Type: FK CONSTRAINT; Schema: public; Owner: mkj_user
--

ALTER TABLE ONLY public.referees_refereeappointment
    ADD CONSTRAINT referees_refereeappo_fixture_id_19149bec_fk_competiti FOREIGN KEY (fixture_id) REFERENCES public.competitions_fixture(id) DEFERRABLE INITIALLY DEFERRED;


--
-- Name: referees_refereeappointment referees_refereeappo_referee_id_9e89b732_fk_referees_; Type: FK CONSTRAINT; Schema: public; Owner: mkj_user
--

ALTER TABLE ONLY public.referees_refereeappointment
    ADD CONSTRAINT referees_refereeappo_referee_id_9e89b732_fk_referees_ FOREIGN KEY (referee_id) REFERENCES public.referees_refereeprofile(id) DEFERRABLE INITIALLY DEFERRED;


--
-- Name: referees_refereeavailability referees_refereeavai_referee_id_1f9204f9_fk_referees_; Type: FK CONSTRAINT; Schema: public; Owner: mkj_user
--

ALTER TABLE ONLY public.referees_refereeavailability
    ADD CONSTRAINT referees_refereeavai_referee_id_1f9204f9_fk_referees_ FOREIGN KEY (referee_id) REFERENCES public.referees_refereeprofile(id) DEFERRABLE INITIALLY DEFERRED;


--
-- Name: referees_refereecertification referees_refereecert_referee_id_571d5013_fk_referees_; Type: FK CONSTRAINT; Schema: public; Owner: mkj_user
--

ALTER TABLE ONLY public.referees_refereecertification
    ADD CONSTRAINT referees_refereecert_referee_id_571d5013_fk_referees_ FOREIGN KEY (referee_id) REFERENCES public.referees_refereeprofile(id) DEFERRABLE INITIALLY DEFERRED;


--
-- Name: referees_refereeprofile referees_refereeprof_approved_by_id_123cb182_fk_accounts_; Type: FK CONSTRAINT; Schema: public; Owner: mkj_user
--

ALTER TABLE ONLY public.referees_refereeprofile
    ADD CONSTRAINT referees_refereeprof_approved_by_id_123cb182_fk_accounts_ FOREIGN KEY (approved_by_id) REFERENCES public.accounts_user(id) DEFERRABLE INITIALLY DEFERRED;


--
-- Name: referees_refereeprofile referees_refereeprofile_user_id_80b9c8b5_fk_accounts_user_id; Type: FK CONSTRAINT; Schema: public; Owner: mkj_user
--

ALTER TABLE ONLY public.referees_refereeprofile
    ADD CONSTRAINT referees_refereeprofile_user_id_80b9c8b5_fk_accounts_user_id FOREIGN KEY (user_id) REFERENCES public.accounts_user(id) DEFERRABLE INITIALLY DEFERRED;


--
-- Name: referees_refereereview referees_refereerevi_fixture_id_490a5450_fk_competiti; Type: FK CONSTRAINT; Schema: public; Owner: mkj_user
--

ALTER TABLE ONLY public.referees_refereereview
    ADD CONSTRAINT referees_refereerevi_fixture_id_490a5450_fk_competiti FOREIGN KEY (fixture_id) REFERENCES public.competitions_fixture(id) DEFERRABLE INITIALLY DEFERRED;


--
-- Name: referees_refereereview referees_refereerevi_referee_id_63b21124_fk_referees_; Type: FK CONSTRAINT; Schema: public; Owner: mkj_user
--

ALTER TABLE ONLY public.referees_refereereview
    ADD CONSTRAINT referees_refereerevi_referee_id_63b21124_fk_referees_ FOREIGN KEY (referee_id) REFERENCES public.referees_refereeprofile(id) DEFERRABLE INITIALLY DEFERRED;


--
-- Name: referees_refereereview referees_refereereview_reviewer_id_cc30c670_fk_accounts_user_id; Type: FK CONSTRAINT; Schema: public; Owner: mkj_user
--

ALTER TABLE ONLY public.referees_refereereview
    ADD CONSTRAINT referees_refereereview_reviewer_id_cc30c670_fk_accounts_user_id FOREIGN KEY (reviewer_id) REFERENCES public.accounts_user(id) DEFERRABLE INITIALLY DEFERRED;


--
-- Name: teams_countydelegationmember teams_countydelegati_registration_id_5b0dc0bd_fk_teams_cou; Type: FK CONSTRAINT; Schema: public; Owner: mkj_user
--

ALTER TABLE ONLY public.teams_countydelegationmember
    ADD CONSTRAINT teams_countydelegati_registration_id_5b0dc0bd_fk_teams_cou FOREIGN KEY (registration_id) REFERENCES public.teams_countyregistration(id) DEFERRABLE INITIALLY DEFERRED;


--
-- Name: teams_countydelegationmember teams_countydelegati_user_id_c144be62_fk_accounts_; Type: FK CONSTRAINT; Schema: public; Owner: mkj_user
--

ALTER TABLE ONLY public.teams_countydelegationmember
    ADD CONSTRAINT teams_countydelegati_user_id_c144be62_fk_accounts_ FOREIGN KEY (user_id) REFERENCES public.accounts_user(id) DEFERRABLE INITIALLY DEFERRED;


--
-- Name: teams_countydiscipline teams_countydiscipli_registration_id_bd2436f0_fk_teams_cou; Type: FK CONSTRAINT; Schema: public; Owner: mkj_user
--

ALTER TABLE ONLY public.teams_countydiscipline
    ADD CONSTRAINT teams_countydiscipli_registration_id_bd2436f0_fk_teams_cou FOREIGN KEY (registration_id) REFERENCES public.teams_countyregistration(id) DEFERRABLE INITIALLY DEFERRED;


--
-- Name: teams_countyplayer teams_countyplayer_discipline_id_4b790963_fk_teams_cou; Type: FK CONSTRAINT; Schema: public; Owner: mkj_user
--

ALTER TABLE ONLY public.teams_countyplayer
    ADD CONSTRAINT teams_countyplayer_discipline_id_4b790963_fk_teams_cou FOREIGN KEY (discipline_id) REFERENCES public.teams_countydiscipline(id) DEFERRABLE INITIALLY DEFERRED;


--
-- Name: teams_countyregistration teams_countyregistra_approved_by_id_20608858_fk_accounts_; Type: FK CONSTRAINT; Schema: public; Owner: mkj_user
--

ALTER TABLE ONLY public.teams_countyregistration
    ADD CONSTRAINT teams_countyregistra_approved_by_id_20608858_fk_accounts_ FOREIGN KEY (approved_by_id) REFERENCES public.accounts_user(id) DEFERRABLE INITIALLY DEFERRED;


--
-- Name: teams_countyregistration teams_countyregistration_user_id_44627ab6_fk_accounts_user_id; Type: FK CONSTRAINT; Schema: public; Owner: mkj_user
--

ALTER TABLE ONLY public.teams_countyregistration
    ADD CONSTRAINT teams_countyregistration_user_id_44627ab6_fk_accounts_user_id FOREIGN KEY (user_id) REFERENCES public.accounts_user(id) DEFERRABLE INITIALLY DEFERRED;


--
-- Name: teams_player teams_player_fifa_connect_checked_276e4606_fk_accounts_; Type: FK CONSTRAINT; Schema: public; Owner: mkj_user
--

ALTER TABLE ONLY public.teams_player
    ADD CONSTRAINT teams_player_fifa_connect_checked_276e4606_fk_accounts_ FOREIGN KEY (fifa_connect_checked_by_id) REFERENCES public.accounts_user(id) DEFERRABLE INITIALLY DEFERRED;


--
-- Name: teams_player teams_player_huduma_verified_by_id_147324bf_fk_accounts_user_id; Type: FK CONSTRAINT; Schema: public; Owner: mkj_user
--

ALTER TABLE ONLY public.teams_player
    ADD CONSTRAINT teams_player_huduma_verified_by_id_147324bf_fk_accounts_user_id FOREIGN KEY (huduma_verified_by_id) REFERENCES public.accounts_user(id) DEFERRABLE INITIALLY DEFERRED;


--
-- Name: teams_player teams_player_team_id_4ee5cf70_fk_teams_team_id; Type: FK CONSTRAINT; Schema: public; Owner: mkj_user
--

ALTER TABLE ONLY public.teams_player
    ADD CONSTRAINT teams_player_team_id_4ee5cf70_fk_teams_team_id FOREIGN KEY (team_id) REFERENCES public.teams_team(id) DEFERRABLE INITIALLY DEFERRED;


--
-- Name: teams_player teams_player_verified_by_id_4168b84e_fk_accounts_user_id; Type: FK CONSTRAINT; Schema: public; Owner: mkj_user
--

ALTER TABLE ONLY public.teams_player
    ADD CONSTRAINT teams_player_verified_by_id_4168b84e_fk_accounts_user_id FOREIGN KEY (verified_by_id) REFERENCES public.accounts_user(id) DEFERRABLE INITIALLY DEFERRED;


--
-- Name: teams_playerverificationlog teams_playerverifica_performed_by_id_1570a857_fk_accounts_; Type: FK CONSTRAINT; Schema: public; Owner: mkj_user
--

ALTER TABLE ONLY public.teams_playerverificationlog
    ADD CONSTRAINT teams_playerverifica_performed_by_id_1570a857_fk_accounts_ FOREIGN KEY (performed_by_id) REFERENCES public.accounts_user(id) DEFERRABLE INITIALLY DEFERRED;


--
-- Name: teams_playerverificationlog teams_playerverifica_player_id_1b819115_fk_teams_pla; Type: FK CONSTRAINT; Schema: public; Owner: mkj_user
--

ALTER TABLE ONLY public.teams_playerverificationlog
    ADD CONSTRAINT teams_playerverifica_player_id_1b819115_fk_teams_pla FOREIGN KEY (player_id) REFERENCES public.teams_player(id) DEFERRABLE INITIALLY DEFERRED;


--
-- Name: teams_scoutreport teams_scoutreport_fixture_id_265c6ab8_fk_competiti; Type: FK CONSTRAINT; Schema: public; Owner: mkj_user
--

ALTER TABLE ONLY public.teams_scoutreport
    ADD CONSTRAINT teams_scoutreport_fixture_id_265c6ab8_fk_competiti FOREIGN KEY (fixture_id) REFERENCES public.competitions_fixture(id) DEFERRABLE INITIALLY DEFERRED;


--
-- Name: teams_scoutreport teams_scoutreport_player_id_48bbd394_fk_teams_player_id; Type: FK CONSTRAINT; Schema: public; Owner: mkj_user
--

ALTER TABLE ONLY public.teams_scoutreport
    ADD CONSTRAINT teams_scoutreport_player_id_48bbd394_fk_teams_player_id FOREIGN KEY (player_id) REFERENCES public.teams_player(id) DEFERRABLE INITIALLY DEFERRED;


--
-- Name: teams_scoutreport teams_scoutreport_scout_id_ca743041_fk_accounts_user_id; Type: FK CONSTRAINT; Schema: public; Owner: mkj_user
--

ALTER TABLE ONLY public.teams_scoutreport
    ADD CONSTRAINT teams_scoutreport_scout_id_ca743041_fk_accounts_user_id FOREIGN KEY (scout_id) REFERENCES public.accounts_user(id) DEFERRABLE INITIALLY DEFERRED;


--
-- Name: teams_scoutshortlist teams_scoutshortlist_player_id_31c0fd38_fk_teams_cou; Type: FK CONSTRAINT; Schema: public; Owner: mkj_user
--

ALTER TABLE ONLY public.teams_scoutshortlist
    ADD CONSTRAINT teams_scoutshortlist_player_id_31c0fd38_fk_teams_cou FOREIGN KEY (player_id) REFERENCES public.teams_countyplayer(id) DEFERRABLE INITIALLY DEFERRED;


--
-- Name: teams_scoutshortlist teams_scoutshortlist_scout_id_fe1117db_fk_accounts_user_id; Type: FK CONSTRAINT; Schema: public; Owner: mkj_user
--

ALTER TABLE ONLY public.teams_scoutshortlist
    ADD CONSTRAINT teams_scoutshortlist_scout_id_fe1117db_fk_accounts_user_id FOREIGN KEY (scout_id) REFERENCES public.accounts_user(id) DEFERRABLE INITIALLY DEFERRED;


--
-- Name: teams_team teams_team_competition_id_f381ebed_fk_competiti; Type: FK CONSTRAINT; Schema: public; Owner: mkj_user
--

ALTER TABLE ONLY public.teams_team
    ADD CONSTRAINT teams_team_competition_id_f381ebed_fk_competiti FOREIGN KEY (competition_id) REFERENCES public.competitions_competition(id) DEFERRABLE INITIALLY DEFERRED;


--
-- Name: teams_team teams_team_county_id_e7dfe5b9_fk_teams_county_id; Type: FK CONSTRAINT; Schema: public; Owner: mkj_user
--

ALTER TABLE ONLY public.teams_team
    ADD CONSTRAINT teams_team_county_id_e7dfe5b9_fk_teams_county_id FOREIGN KEY (county_id) REFERENCES public.teams_county(id) DEFERRABLE INITIALLY DEFERRED;


--
-- Name: teams_team teams_team_manager_id_3f329f8c_fk_accounts_user_id; Type: FK CONSTRAINT; Schema: public; Owner: mkj_user
--

ALTER TABLE ONLY public.teams_team
    ADD CONSTRAINT teams_team_manager_id_3f329f8c_fk_accounts_user_id FOREIGN KEY (manager_id) REFERENCES public.accounts_user(id) DEFERRABLE INITIALLY DEFERRED;


--
-- Name: teams_team teams_team_payment_confirmed_by_id_77c79776_fk_accounts_user_id; Type: FK CONSTRAINT; Schema: public; Owner: mkj_user
--

ALTER TABLE ONLY public.teams_team
    ADD CONSTRAINT teams_team_payment_confirmed_by_id_77c79776_fk_accounts_user_id FOREIGN KEY (payment_confirmed_by_id) REFERENCES public.accounts_user(id) DEFERRABLE INITIALLY DEFERRED;


--
-- Name: teams_team teams_team_source_discipline_id_c7cc0083_fk_teams_cou; Type: FK CONSTRAINT; Schema: public; Owner: mkj_user
--

ALTER TABLE ONLY public.teams_team
    ADD CONSTRAINT teams_team_source_discipline_id_c7cc0083_fk_teams_cou FOREIGN KEY (source_discipline_id) REFERENCES public.teams_countydiscipline(id) DEFERRABLE INITIALLY DEFERRED;


--
-- Name: teams_technicalbenchmember teams_technicalbench_discipline_id_41a3146a_fk_teams_cou; Type: FK CONSTRAINT; Schema: public; Owner: mkj_user
--

ALTER TABLE ONLY public.teams_technicalbenchmember
    ADD CONSTRAINT teams_technicalbench_discipline_id_41a3146a_fk_teams_cou FOREIGN KEY (discipline_id) REFERENCES public.teams_countydiscipline(id) DEFERRABLE INITIALLY DEFERRED;


--
-- Name: teams_technicalbenchmember teams_technicalbenchmember_user_id_5c1f6119_fk_accounts_user_id; Type: FK CONSTRAINT; Schema: public; Owner: mkj_user
--

ALTER TABLE ONLY public.teams_technicalbenchmember
    ADD CONSTRAINT teams_technicalbenchmember_user_id_5c1f6119_fk_accounts_user_id FOREIGN KEY (user_id) REFERENCES public.accounts_user(id) DEFERRABLE INITIALLY DEFERRED;


--
-- Name: token_blacklist_blacklistedtoken token_blacklist_blacklistedtoken_token_id_3cc7fe56_fk; Type: FK CONSTRAINT; Schema: public; Owner: mkj_user
--

ALTER TABLE ONLY public.token_blacklist_blacklistedtoken
    ADD CONSTRAINT token_blacklist_blacklistedtoken_token_id_3cc7fe56_fk FOREIGN KEY (token_id) REFERENCES public.token_blacklist_outstandingtoken(id) DEFERRABLE INITIALLY DEFERRED;


--
-- Name: token_blacklist_outstandingtoken token_blacklist_outs_user_id_83bc629a_fk_accounts_; Type: FK CONSTRAINT; Schema: public; Owner: mkj_user
--

ALTER TABLE ONLY public.token_blacklist_outstandingtoken
    ADD CONSTRAINT token_blacklist_outs_user_id_83bc629a_fk_accounts_ FOREIGN KEY (user_id) REFERENCES public.accounts_user(id) DEFERRABLE INITIALLY DEFERRED;


--
-- PostgreSQL database dump complete
--

\unrestrict HCkBGCjN4DkxvpJj0jfbHSjFDf6cObH2E0kob6a8SiuEePYwa6l9htrGWulau1l

